,id,day,time,place,activity,noise,batteryLevel,charging,headphonesIn,musicActive,proximity,ringerMode,lightIntensity
0,0,0,early-morning,unknown,unknown,unknown,unknown,False,False,False,unknown,normal,unknown
1,1,0,early-morning,unknown,unknown,unknown,unknown,False,False,False,unknown,unknown,unknown
2,2,0,afternoon,unknown,still,unknown,unknown,False,False,False,unknown,unknown,unknown
3,3,0,afternoon,unknown,still,unknown,medium,False,False,False,unknown,normal,unknown
4,4,0,afternoon,TYPE_ACCOUNTING TYPE_OTHER TYPE_ACCOUNTING TYPE_ACCOUNTING TYPE_ACCOUNTING TYPE_OTHER TYPE_ACCOUNTING TYPE_AIRPORT,unknown,unknown,unknown,False,False,False,unknown,unknown,unknown
5,5,0,afternoon,TYPE_ACCOUNTING TYPE_OTHER TYPE_ACCOUNTING TYPE_ACCOUNTING TYPE_ACCOUNTING TYPE_OTHER TYPE_ACCOUNTING TYPE_AIRPORT,unknown,unknown,unknown,False,False,False,unknown,unknown,unknown
6,6,0,afternoon,unknown,unknown,low,unknown,False,False,False,far,unknown,unknown
7,7,0,afternoon,unknown,unknown,unknown,unknown,False,False,False,unknown,unknown,unknown
8,8,0,afternoon,unknown,still,unknown,unknown,False,False,False,unknown,normal,low
9,9,0,afternoon,unknown,unknown,unknown,medium,False,False,False,unknown,unknown,unknown
10,10,0,afternoon,unknown,still,unknown,unknown,False,False,False,unknown,unknown,low
11,11,0,afternoon,unknown,unknown,unknown,unknown,False,False,False,unknown,unknown,unknown
12,12,0,evening,unknown,still,unknown,unknown,False,False,False,unknown,unknown,unknown
13,13,1,afternoon,unknown,unknown,unknown,unknown,False,False,False,unknown,unknown,unknown
14,14,1,afternoon,unknown,unknown,unknown,unknown,False,False,False,unknown,normal,unknown
15,15,1,afternoon,TYPE_ACCOUNTING TYPE_OTHER TYPE_ACCOUNTING TYPE_ACCOUNTING TYPE_ACCOUNTING TYPE_OTHER TYPE_ACCOUNTING TYPE_AIRPORT,unknown,unknown,unknown,False,False,False,unknown,unknown,unknown
16,16,2,evening,unknown,unknown,unknown,unknown,False,False,False,unknown,unknown,unknown
17,17,3,early-morning,unknown,unknown,unknown,unknown,False,False,False,unknown,unknown,unknown
18,18,3,early-morning,unknown,unknown,unknown,unknown,False,False,False,unknown,normal,unknown
19,19,3,morning,unknown,unknown,unknown,unknown,False,False,False,unknown,unknown,unknown
20,20,3,afternoon,unknown,unknown,unknown,unknown,False,False,False,unknown,unknown,unknown
21,21,3,afternoon,unknown,unknown,unknown,unknown,False,False,False,unknown,unknown,unknown
22,22,3,evening,unknown,unknown,unknown,unknown,False,False,False,unknown,unknown,low
23,23,3,evening,unknown,unknown,unknown,unknown,False,False,False,unknown,unknown,unknown
24,24,3,evening,unknown,unknown,unknown,unknown,False,False,False,far,unknown,low
25,25,3,evening,unknown,unknown,unknown,unknown,False,False,False,unknown,unknown,low
26,26,3,evening,unknown,unknown,unknown,unknown,False,False,False,unknown,unknown,unknown
27,27,3,evening,unknown,unknown,unknown,unknown,False,False,False,unknown,unknown,unknown
28,28,3,night,unknown,unknown,unknown,unknown,False,False,False,unknown,unknown,unknown
29,29,4,early-morning,unknown,unknown,unknown,unknown,False,False,False,unknown,unknown,unknown
30,30,4,early-morning,unknown,unknown,unknown,unknown,False,False,False,unknown,unknown,unknown
31,31,4,morning,unknown,unknown,unknown,unknown,False,False,False,far,unknown,unknown
32,32,4,morning,unknown,unknown,unknown,unknown,False,False,False,unknown,unknown,unknown
33,33,4,morning,unknown,unknown,unknown,unknown,False,False,False,unknown,unknown,unknown
34,34,4,morning,unknown,unknown,unknown,unknown,False,False,False,unknown,unknown,unknown
35,35,4,morning,unknown,unknown,unknown,unknown,False,False,False,unknown,unknown,unknown
36,36,4,afternoon,unknown,unknown,unknown,unknown,False,False,False,unknown,unknown,unknown
37,37,4,afternoon,unknown,unknown,unknown,unknown,False,False,False,unknown,unknown,unknown
38,38,4,afternoon,unknown,unknown,unknown,unknown,False,False,False,unknown,unknown,unknown
39,39,4,evening,unknown,unknown,unknown,unknown,False,False,False,unknown,unknown,unknown
40,40,4,evening,unknown,unknown,unknown,unknown,False,False,False,unknown,unknown,unknown
41,41,4,evening,unknown,unknown,unknown,unknown,False,False,False,unknown,unknown,unknown
42,42,4,evening,unknown,unknown,unknown,unknown,False,False,False,unknown,unknown,unknown
43,43,4,evening,unknown,unknown,low,unknown,False,False,False,far,unknown,unknown
44,44,4,evening,unknown,unknown,unknown,unknown,False,False,False,unknown,unknown,unknown
45,45,4,evening,unknown,unknown,unknown,unknown,False,False,False,far,unknown,unknown
46,46,4,evening,unknown,unknown,unknown,unknown,False,False,False,unknown,unknown,unknown
47,47,4,evening,unknown,unknown,unknown,unknown,False,False,False,unknown,unknown,unknown
48,48,4,evening,unknown,unknown,low,unknown,False,False,False,unknown,unknown,unknown
49,49,4,evening,unknown,unknown,unknown,unknown,False,False,False,unknown,unknown,unknown
50,50,4,evening,unknown,unknown,unknown,unknown,False,False,False,unknown,unknown,unknown
51,51,4,evening,unknown,unknown,unknown,unknown,False,False,False,unknown,unknown,unknown
52,52,4,evening,unknown,unknown,unknown,unknown,False,False,False,unknown,unknown,unknown
53,53,4,evening,unknown,unknown,low,unknown,False,False,False,near,unknown,unknown
54,54,4,evening,unknown,unknown,unknown,unknown,False,False,False,unknown,unknown,unknown
55,55,4,evening,unknown,unknown,unknown,unknown,False,False,False,unknown,unknown,unknown
56,56,4,evening,unknown,unknown,low,unknown,False,False,False,unknown,unknown,unknown
57,57,4,evening,unknown,unknown,unknown,unknown,False,False,False,unknown,unknown,unknown
58,58,4,evening,unknown,unknown,unknown,unknown,False,False,False,unknown,normal,unknown
59,59,4,evening,unknown,unknown,unknown,unknown,False,False,False,unknown,unknown,unknown
60,60,5,afternoon,unknown,unknown,unknown,unknown,False,False,False,unknown,unknown,unknown
61,61,5,afternoon,unknown,unknown,unknown,unknown,False,False,False,unknown,unknown,unknown
62,62,5,evening,unknown,unknown,unknown,unknown,False,False,False,unknown,unknown,unknown
63,63,5,evening,unknown,unknown,unknown,unknown,False,False,False,unknown,unknown,unknown
64,64,5,evening,unknown,unknown,unknown,unknown,False,False,False,unknown,unknown,unknown
65,65,6,morning,unknown,unknown,unknown,unknown,False,False,False,unknown,unknown,unknown
66,66,6,morning,unknown,unknown,unknown,unknown,False,False,False,unknown,unknown,unknown
67,67,6,morning,unknown,unknown,unknown,unknown,False,False,False,unknown,unknown,unknown
68,68,6,evening,unknown,unknown,unknown,unknown,False,False,False,unknown,unknown,unknown
69,69,6,evening,unknown,unknown,unknown,unknown,False,False,False,unknown,unknown,unknown
70,70,6,evening,unknown,unknown,unknown,unknown,False,False,False,unknown,unknown,unknown
71,71,0,early-morning,unknown,tilting,unknown,unknown,False,False,False,unknown,unknown,unknown
72,72,0,early-morning,TYPE_ACCOUNTING TYPE_OTHER TYPE_ACCOUNTING TYPE_ACCOUNTING TYPE_ACCOUNTING TYPE_OTHER TYPE_ACCOUNTING TYPE_AIRPORT,unknown,unknown,medium,False,False,False,unknown,unknown,unknown
73,73,0,early-morning,unknown,unknown,unknown,unknown,False,False,False,unknown,unknown,unknown
74,74,0,afternoon,unknown,unknown,unknown,unknown,False,False,False,unknown,unknown,unknown
75,75,0,afternoon,unknown,still,low,unknown,False,False,False,unknown,unknown,unknown
76,76,0,afternoon,unknown,unknown,unknown,unknown,False,False,False,unknown,unknown,unknown
77,77,0,afternoon,unknown,unknown,unknown,unknown,False,False,False,unknown,unknown,unknown
78,78,0,afternoon,TYPE_ACCOUNTING TYPE_OTHER TYPE_ACCOUNTING TYPE_ACCOUNTING TYPE_ACCOUNTING TYPE_OTHER TYPE_ACCOUNTING TYPE_AIRPORT,unknown,unknown,unknown,False,False,False,unknown,unknown,unknown
79,79,0,evening,unknown,tilting,low,unknown,False,False,False,unknown,unknown,low
80,80,0,evening,unknown,still,unknown,unknown,False,False,False,unknown,unknown,low
81,81,1,morning,TYPE_ACCOUNTING TYPE_OTHER TYPE_ACCOUNTING TYPE_ACCOUNTING TYPE_ACCOUNTING TYPE_OTHER TYPE_ACCOUNTING TYPE_AIRPORT,unknown,unknown,unknown,False,False,False,unknown,unknown,unknown
82,82,1,afternoon,TYPE_ACCOUNTING TYPE_OTHER TYPE_ACCOUNTING TYPE_ACCOUNTING TYPE_ACCOUNTING TYPE_OTHER TYPE_ACCOUNTING TYPE_AIRPORT,unknown,unknown,unknown,False,False,False,unknown,unknown,unknown
83,83,2,early-morning,unknown,unknown,unknown,unknown,False,False,False,unknown,unknown,unknown
84,84,2,afternoon,unknown,unknown,unknown,unknown,False,False,False,unknown,normal,unknown
85,85,2,afternoon,unknown,unknown,unknown,unknown,False,False,False,unknown,unknown,unknown
86,86,3,afternoon,unknown,unknown,unknown,unknown,False,False,False,unknown,unknown,unknown
87,87,4,morning,unknown,unknown,unknown,unknown,False,False,False,unknown,unknown,unknown
88,88,4,morning,unknown,unknown,low,unknown,False,False,False,unknown,unknown,unknown
89,89,4,morning,unknown,unknown,unknown,unknown,False,False,False,unknown,unknown,unknown
90,90,4,morning,unknown,unknown,unknown,unknown,False,False,False,unknown,unknown,unknown
91,91,4,morning,unknown,unknown,unknown,unknown,False,False,False,unknown,unknown,unknown
92,92,4,morning,unknown,unknown,low,unknown,False,False,False,unknown,unknown,unknown
93,93,4,morning,unknown,unknown,unknown,unknown,False,False,False,unknown,unknown,unknown
94,94,4,afternoon,unknown,unknown,unknown,unknown,False,False,False,unknown,unknown,unknown
95,95,4,afternoon,unknown,unknown,unknown,unknown,False,False,False,unknown,unknown,unknown
96,96,4,afternoon,unknown,unknown,unknown,unknown,False,False,False,unknown,unknown,unknown
97,97,4,afternoon,unknown,unknown,unknown,unknown,False,False,False,unknown,unknown,low
98,98,4,evening,unknown,unknown,low,unknown,False,False,False,far,unknown,unknown
99,99,4,evening,unknown,unknown,unknown,unknown,False,False,False,unknown,unknown,unknown
100,100,4,evening,unknown,unknown,low,unknown,False,False,False,far,unknown,unknown
101,101,4,evening,unknown,unknown,unknown,unknown,False,False,False,unknown,unknown,unknown
102,102,4,evening,unknown,unknown,unknown,unknown,False,False,False,far,unknown,unknown
103,103,4,evening,unknown,unknown,unknown,unknown,False,False,False,unknown,unknown,unknown
104,104,4,evening,unknown,unknown,unknown,unknown,False,False,False,unknown,unknown,low
105,105,4,evening,unknown,unknown,low,unknown,False,False,False,unknown,unknown,unknown
106,106,4,night,unknown,unknown,unknown,unknown,False,False,False,unknown,unknown,unknown
107,107,5,morning,unknown,unknown,unknown,unknown,False,False,False,unknown,unknown,unknown
108,108,5,morning,unknown,unknown,unknown,unknown,False,False,False,unknown,unknown,unknown
109,109,5,morning,unknown,unknown,low,unknown,False,False,False,unknown,unknown,unknown
110,110,5,evening,unknown,unknown,unknown,unknown,False,False,False,unknown,unknown,unknown
111,111,5,evening,unknown,unknown,unknown,unknown,False,False,False,far,unknown,unknown
112,112,5,evening,unknown,unknown,unknown,unknown,False,False,False,unknown,unknown,unknown
113,113,5,evening,unknown,unknown,unknown,unknown,False,False,False,unknown,unknown,unknown
114,114,5,evening,unknown,unknown,unknown,unknown,False,False,False,unknown,unknown,unknown
115,115,5,evening,unknown,unknown,unknown,unknown,False,False,False,unknown,unknown,unknown
116,116,5,evening,unknown,unknown,unknown,unknown,False,False,False,unknown,unknown,unknown
117,117,5,evening,unknown,unknown,unknown,unknown,False,False,False,unknown,unknown,unknown
118,118,5,night,unknown,unknown,unknown,unknown,False,False,False,unknown,unknown,unknown
119,119,6,evening,unknown,unknown,unknown,unknown,False,False,False,unknown,unknown,unknown
120,120,6,evening,unknown,unknown,unknown,unknown,False,False,False,unknown,unknown,unknown
121,121,6,evening,unknown,unknown,unknown,unknown,False,False,False,unknown,unknown,unknown
122,122,6,evening,unknown,unknown,unknown,unknown,False,False,False,unknown,unknown,unknown
123,123,6,evening,unknown,unknown,unknown,unknown,False,False,False,unknown,unknown,unknown
124,124,6,evening,unknown,unknown,unknown,unknown,False,False,False,unknown,unknown,unknown
125,125,6,evening,unknown,unknown,unknown,unknown,False,False,False,unknown,unknown,unknown
126,126,0,early-morning,TYPE_ACCOUNTING TYPE_OTHER TYPE_ACCOUNTING TYPE_ACCOUNTING TYPE_ACCOUNTING TYPE_OTHER TYPE_ACCOUNTING TYPE_AIRPORT,unknown,unknown,unknown,False,False,False,unknown,unknown,unknown
127,127,0,early-morning,unknown,tilting,unknown,unknown,False,False,False,unknown,unknown,low
128,128,0,afternoon,TYPE_ACCOUNTING TYPE_OTHER TYPE_ACCOUNTING TYPE_ACCOUNTING TYPE_ACCOUNTING TYPE_OTHER TYPE_ACCOUNTING TYPE_AIRPORT,unknown,unknown,unknown,False,False,False,unknown,normal,low
129,129,0,afternoon,TYPE_ACCOUNTING TYPE_OTHER TYPE_ACCOUNTING TYPE_ACCOUNTING TYPE_ACCOUNTING TYPE_OTHER TYPE_ACCOUNTING TYPE_AIRPORT,unknown,unknown,medium,False,False,False,unknown,unknown,unknown
130,130,1,morning,unknown,unknown,unknown,unknown,False,False,False,far,normal,unknown
131,131,1,morning,TYPE_ACCOUNTING TYPE_OTHER TYPE_ACCOUNTING TYPE_ACCOUNTING TYPE_ACCOUNTING TYPE_OTHER TYPE_ACCOUNTING TYPE_AIRPORT,unknown,unknown,unknown,False,False,False,unknown,unknown,unknown
132,132,1,afternoon,unknown,unknown,unknown,unknown,False,False,False,unknown,normal,unknown
133,133,1,afternoon,unknown,unknown,low,unknown,False,False,False,far,unknown,unknown
134,134,1,afternoon,unknown,unknown,unknown,unknown,False,False,False,unknown,unknown,low
135,135,1,afternoon,unknown,unknown,unknown,unknown,False,False,False,unknown,unknown,unknown
136,136,1,afternoon,unknown,unknown,unknown,unknown,False,False,False,unknown,unknown,low
137,137,1,evening,unknown,unknown,low,unknown,False,False,False,near,normal,low
138,138,1,evening,unknown,unknown,unknown,unknown,False,False,False,unknown,unknown,unknown
139,139,2,afternoon,unknown,unknown,unknown,unknown,False,False,False,unknown,unknown,unknown
140,140,2,evening,unknown,unknown,unknown,unknown,False,False,False,unknown,unknown,unknown
141,141,2,evening,unknown,unknown,low,unknown,False,False,False,near,unknown,unknown
142,142,2,evening,unknown,unknown,unknown,unknown,False,False,False,far,normal,unknown
143,143,2,evening,unknown,unknown,low,unknown,False,False,False,unknown,unknown,unknown
144,144,3,early-morning,unknown,unknown,unknown,unknown,False,False,False,unknown,unknown,unknown
145,145,3,morning,unknown,unknown,unknown,unknown,False,False,False,unknown,unknown,unknown
146,146,3,morning,unknown,unknown,unknown,unknown,False,False,False,far,unknown,unknown
147,147,3,morning,unknown,unknown,unknown,unknown,False,False,False,far,unknown,unknown
148,148,3,morning,unknown,unknown,unknown,unknown,False,False,False,unknown,unknown,unknown
149,149,3,afternoon,unknown,unknown,unknown,unknown,False,False,False,unknown,unknown,unknown
150,150,3,evening,unknown,unknown,unknown,unknown,False,False,False,unknown,unknown,unknown
151,151,3,evening,unknown,unknown,unknown,unknown,False,False,False,unknown,unknown,unknown
152,152,3,evening,unknown,unknown,unknown,unknown,False,False,False,unknown,unknown,unknown
153,153,3,evening,unknown,unknown,unknown,unknown,False,False,False,unknown,unknown,unknown
154,154,3,evening,unknown,unknown,unknown,unknown,False,False,False,unknown,unknown,unknown
155,155,3,night,unknown,unknown,unknown,unknown,False,False,False,unknown,unknown,unknown
156,156,4,early-morning,unknown,unknown,unknown,unknown,False,False,False,unknown,unknown,unknown
157,157,4,morning,unknown,unknown,unknown,unknown,False,False,False,unknown,unknown,unknown
158,158,4,morning,unknown,unknown,unknown,unknown,False,False,False,unknown,unknown,unknown
159,159,4,afternoon,unknown,unknown,unknown,unknown,False,False,False,unknown,unknown,unknown
160,160,4,afternoon,unknown,unknown,unknown,unknown,False,False,False,unknown,unknown,unknown
161,161,4,evening,unknown,unknown,low,unknown,False,False,False,unknown,unknown,unknown
162,162,4,evening,unknown,unknown,unknown,unknown,False,False,False,unknown,unknown,unknown
163,163,4,evening,unknown,unknown,unknown,unknown,False,False,False,unknown,unknown,unknown
164,164,4,evening,unknown,unknown,unknown,unknown,False,False,False,unknown,unknown,unknown
165,165,4,evening,unknown,unknown,unknown,unknown,False,False,False,unknown,unknown,unknown
166,166,4,evening,unknown,unknown,unknown,unknown,False,False,False,unknown,normal,unknown
167,167,4,evening,unknown,unknown,unknown,unknown,False,False,False,unknown,unknown,unknown
168,168,4,evening,unknown,unknown,unknown,unknown,False,False,False,unknown,unknown,low
169,169,4,evening,unknown,unknown,unknown,unknown,False,False,False,unknown,unknown,unknown
170,170,4,evening,unknown,unknown,unknown,unknown,False,False,False,unknown,unknown,unknown
171,171,4,evening,unknown,unknown,unknown,unknown,False,False,False,unknown,unknown,unknown
172,172,4,evening,unknown,unknown,unknown,unknown,False,False,False,unknown,unknown,unknown
173,173,4,evening,unknown,unknown,unknown,unknown,False,False,False,unknown,unknown,unknown
174,174,5,morning,unknown,unknown,unknown,unknown,False,False,False,far,unknown,unknown
175,175,5,morning,unknown,unknown,low,unknown,False,False,False,unknown,unknown,unknown
176,176,5,morning,unknown,unknown,unknown,unknown,False,False,False,unknown,unknown,unknown
177,177,5,morning,unknown,unknown,unknown,unknown,False,False,False,unknown,unknown,unknown
178,178,5,afternoon,unknown,unknown,unknown,unknown,False,False,False,unknown,unknown,unknown
179,179,5,evening,unknown,unknown,unknown,unknown,False,False,False,unknown,unknown,unknown
180,180,5,evening,unknown,unknown,unknown,unknown,False,False,False,far,unknown,unknown
181,181,5,evening,unknown,unknown,unknown,unknown,False,False,False,unknown,unknown,unknown
182,182,5,evening,unknown,unknown,unknown,unknown,False,False,False,unknown,unknown,unknown
183,183,5,evening,unknown,unknown,unknown,unknown,False,False,False,unknown,unknown,unknown
184,184,5,evening,unknown,unknown,low,unknown,False,False,False,unknown,unknown,unknown
185,185,5,evening,unknown,unknown,unknown,unknown,False,False,False,unknown,unknown,unknown
186,186,5,evening,unknown,unknown,unknown,unknown,False,False,False,unknown,unknown,unknown
187,187,5,evening,unknown,unknown,unknown,unknown,False,False,False,unknown,unknown,unknown
188,188,6,morning,unknown,unknown,unknown,unknown,False,False,False,unknown,unknown,unknown
189,189,6,morning,unknown,unknown,unknown,unknown,False,False,False,unknown,unknown,unknown
190,190,6,afternoon,unknown,unknown,unknown,unknown,False,False,False,unknown,unknown,unknown
191,191,6,evening,unknown,unknown,low,unknown,False,False,False,unknown,unknown,unknown
192,192,6,evening,unknown,unknown,unknown,unknown,False,False,False,unknown,unknown,unknown
193,193,6,evening,unknown,unknown,unknown,unknown,False,False,False,unknown,unknown,unknown
194,194,6,evening,unknown,unknown,unknown,unknown,False,False,False,unknown,unknown,unknown
195,195,6,evening,unknown,unknown,unknown,unknown,False,False,False,far,unknown,unknown
196,196,6,evening,unknown,unknown,unknown,unknown,False,False,False,unknown,unknown,unknown
197,197,0,afternoon,unknown,still,unknown,unknown,False,False,False,unknown,unknown,unknown
198,198,0,afternoon,TYPE_ACCOUNTING TYPE_OTHER TYPE_ACCOUNTING TYPE_ACCOUNTING TYPE_ACCOUNTING TYPE_OTHER TYPE_ACCOUNTING TYPE_AIRPORT,still,unknown,medium,False,False,False,unknown,unknown,unknown
199,199,0,afternoon,unknown,unknown,unknown,unknown,False,False,False,unknown,unknown,unknown
200,200,1,early-morning,unknown,unknown,unknown,unknown,False,False,False,near,normal,low
201,201,1,morning,unknown,unknown,unknown,unknown,False,False,False,unknown,unknown,unknown
202,202,1,morning,TYPE_ACCOUNTING TYPE_OTHER TYPE_ACCOUNTING TYPE_ACCOUNTING TYPE_ACCOUNTING TYPE_OTHER TYPE_ACCOUNTING TYPE_AIRPORT,unknown,low,unknown,False,False,False,unknown,unknown,unknown
203,203,1,afternoon,unknown,unknown,low,unknown,False,False,False,unknown,unknown,low
204,204,1,afternoon,TYPE_ACCOUNTING TYPE_OTHER TYPE_ACCOUNTING TYPE_ACCOUNTING TYPE_ACCOUNTING TYPE_OTHER TYPE_ACCOUNTING TYPE_AIRPORT,unknown,unknown,unknown,False,False,False,unknown,unknown,unknown
205,205,1,evening,unknown,unknown,unknown,unknown,False,False,False,unknown,unknown,unknown
206,206,2,early-morning,unknown,unknown,unknown,unknown,False,False,False,unknown,unknown,unknown
207,207,2,early-morning,unknown,unknown,unknown,unknown,False,False,False,unknown,unknown,unknown
208,208,2,morning,unknown,unknown,unknown,unknown,False,False,False,unknown,unknown,low
209,209,2,morning,unknown,unknown,unknown,unknown,False,False,False,far,unknown,unknown
210,210,2,morning,unknown,unknown,low,unknown,False,False,False,far,unknown,unknown
211,211,2,afternoon,unknown,unknown,unknown,unknown,False,False,False,unknown,unknown,low
212,212,2,afternoon,unknown,unknown,unknown,unknown,False,False,False,unknown,unknown,unknown
213,213,2,afternoon,unknown,unknown,unknown,unknown,False,False,False,unknown,unknown,low
214,214,2,afternoon,unknown,unknown,unknown,unknown,False,False,False,unknown,unknown,unknown
215,215,2,evening,unknown,unknown,low,unknown,False,False,False,unknown,unknown,unknown
216,216,2,evening,unknown,unknown,unknown,unknown,False,False,False,unknown,unknown,low
217,217,2,night,unknown,unknown,unknown,unknown,False,False,False,unknown,unknown,unknown
218,218,3,early-morning,TYPE_ACCOUNTING TYPE_OTHER TYPE_ACCOUNTING TYPE_ACCOUNTING TYPE_ACCOUNTING TYPE_OTHER TYPE_ACCOUNTING TYPE_AIRPORT,unknown,unknown,unknown,False,False,False,unknown,unknown,unknown
219,219,3,morning,unknown,unknown,unknown,unknown,False,False,False,unknown,unknown,unknown
220,220,3,morning,unknown,unknown,unknown,unknown,False,False,False,unknown,unknown,unknown
221,221,3,afternoon,unknown,unknown,unknown,unknown,False,False,False,unknown,unknown,low
222,222,3,evening,unknown,unknown,unknown,unknown,False,False,False,unknown,unknown,unknown
223,223,3,evening,unknown,unknown,unknown,unknown,False,False,False,unknown,unknown,low
224,224,4,early-morning,unknown,unknown,unknown,unknown,False,False,False,unknown,unknown,unknown
225,225,4,early-morning,unknown,unknown,unknown,unknown,False,False,False,unknown,unknown,unknown
226,226,4,morning,unknown,unknown,low,unknown,False,False,False,unknown,unknown,unknown
227,227,4,morning,unknown,unknown,unknown,unknown,False,False,False,unknown,unknown,unknown
228,228,4,morning,unknown,unknown,unknown,unknown,False,False,False,unknown,unknown,unknown
229,229,4,morning,unknown,unknown,unknown,unknown,False,False,False,unknown,unknown,unknown
230,230,4,afternoon,unknown,unknown,unknown,unknown,False,False,False,unknown,unknown,unknown
231,231,4,afternoon,unknown,unknown,unknown,unknown,False,False,False,unknown,unknown,unknown
232,232,4,afternoon,unknown,unknown,unknown,unknown,False,False,False,unknown,unknown,unknown
233,233,4,evening,unknown,unknown,unknown,unknown,False,False,False,unknown,unknown,unknown
234,234,4,evening,unknown,unknown,low,unknown,False,False,False,unknown,unknown,unknown
235,235,4,evening,unknown,unknown,unknown,unknown,False,False,False,unknown,unknown,unknown
236,236,4,evening,unknown,unknown,unknown,unknown,False,False,False,far,unknown,unknown
237,237,4,evening,unknown,unknown,unknown,unknown,False,False,False,unknown,unknown,unknown
238,238,4,evening,unknown,unknown,unknown,unknown,False,False,False,unknown,unknown,unknown
239,239,4,evening,unknown,unknown,unknown,unknown,False,False,False,unknown,unknown,unknown
240,240,4,evening,unknown,unknown,unknown,unknown,False,False,False,unknown,unknown,unknown
241,241,4,evening,unknown,unknown,unknown,unknown,False,False,False,unknown,unknown,unknown
242,242,4,evening,unknown,unknown,unknown,unknown,False,False,False,unknown,unknown,low
243,243,4,evening,unknown,unknown,unknown,unknown,False,False,False,unknown,unknown,low
244,244,4,evening,unknown,unknown,unknown,unknown,False,False,False,unknown,unknown,unknown
245,245,4,evening,unknown,unknown,unknown,unknown,False,False,False,unknown,unknown,low
246,246,4,evening,unknown,unknown,unknown,unknown,False,False,False,unknown,unknown,unknown
247,247,4,evening,unknown,unknown,unknown,unknown,False,False,False,unknown,unknown,unknown
248,248,4,evening,unknown,unknown,unknown,unknown,False,False,False,unknown,unknown,unknown
249,249,4,evening,unknown,unknown,unknown,unknown,False,False,False,unknown,unknown,unknown
250,250,4,evening,unknown,unknown,unknown,unknown,False,False,False,unknown,unknown,unknown
251,251,4,evening,unknown,unknown,unknown,unknown,False,False,False,far,unknown,unknown
252,252,4,evening,unknown,unknown,unknown,unknown,False,False,False,unknown,unknown,unknown
253,253,4,evening,unknown,unknown,unknown,unknown,False,False,False,unknown,unknown,unknown
254,254,4,evening,unknown,unknown,unknown,unknown,False,False,False,unknown,unknown,unknown
255,255,4,night,unknown,unknown,unknown,unknown,False,False,False,unknown,unknown,unknown
256,256,5,morning,unknown,unknown,unknown,unknown,False,False,False,far,unknown,unknown
257,257,5,evening,unknown,unknown,unknown,unknown,False,False,False,unknown,unknown,unknown
258,258,5,evening,unknown,unknown,unknown,unknown,False,False,False,unknown,unknown,unknown
259,259,5,evening,unknown,unknown,unknown,unknown,False,False,False,unknown,unknown,unknown
260,260,5,evening,unknown,unknown,unknown,unknown,False,False,False,unknown,unknown,unknown
261,261,6,morning,unknown,unknown,unknown,unknown,False,False,False,unknown,unknown,unknown
262,262,6,morning,unknown,unknown,unknown,unknown,False,False,False,unknown,unknown,unknown
263,263,6,morning,unknown,unknown,unknown,unknown,False,False,False,unknown,unknown,unknown
264,264,6,evening,unknown,unknown,unknown,unknown,False,False,False,unknown,unknown,unknown
265,265,6,evening,unknown,unknown,unknown,unknown,False,False,False,unknown,unknown,unknown
266,266,6,evening,unknown,unknown,unknown,unknown,False,False,False,unknown,unknown,unknown
267,267,6,evening,unknown,unknown,unknown,unknown,False,False,False,unknown,unknown,unknown
268,268,6,evening,unknown,unknown,unknown,unknown,False,False,False,unknown,unknown,unknown
269,269,6,evening,unknown,unknown,unknown,unknown,False,False,False,unknown,unknown,unknown
270,270,6,evening,unknown,unknown,unknown,unknown,False,False,False,unknown,unknown,unknown
271,271,6,evening,unknown,unknown,unknown,unknown,False,False,False,unknown,unknown,unknown
272,272,6,evening,unknown,unknown,unknown,unknown,False,False,False,unknown,unknown,unknown
273,273,6,evening,unknown,unknown,unknown,unknown,False,False,False,unknown,unknown,unknown
274,274,6,evening,unknown,unknown,unknown,unknown,False,False,False,unknown,unknown,unknown
275,275,6,evening,unknown,unknown,unknown,unknown,False,False,False,unknown,unknown,unknown
276,276,0,afternoon,unknown,unknown,unknown,unknown,False,False,False,unknown,unknown,unknown
277,277,0,afternoon,TYPE_ACCOUNTING TYPE_OTHER TYPE_ACCOUNTING TYPE_ACCOUNTING TYPE_ACCOUNTING TYPE_OTHER TYPE_ACCOUNTING TYPE_AIRPORT,unknown,unknown,unknown,False,False,False,unknown,unknown,unknown
278,278,0,afternoon,unknown,unknown,unknown,medium,False,False,False,unknown,unknown,low
279,279,0,afternoon,unknown,unknown,unknown,unknown,False,False,False,unknown,unknown,unknown
280,280,0,evening,unknown,still,unknown,unknown,False,False,False,unknown,unknown,unknown
281,281,1,morning,unknown,unknown,unknown,unknown,False,False,False,unknown,unknown,unknown
282,282,1,morning,TYPE_ACCOUNTING TYPE_OTHER TYPE_ACCOUNTING TYPE_ACCOUNTING TYPE_ACCOUNTING TYPE_OTHER TYPE_ACCOUNTING TYPE_AIRPORT,unknown,unknown,unknown,False,False,False,unknown,unknown,unknown
283,283,1,afternoon,unknown,unknown,unknown,unknown,False,False,False,unknown,unknown,unknown
284,284,1,afternoon,TYPE_ACCOUNTING TYPE_OTHER TYPE_ACCOUNTING TYPE_ACCOUNTING TYPE_ACCOUNTING TYPE_OTHER TYPE_ACCOUNTING TYPE_AIRPORT,unknown,unknown,unknown,False,False,False,unknown,unknown,unknown
285,285,1,afternoon,unknown,still,unknown,unknown,False,False,False,unknown,unknown,unknown
286,286,1,afternoon,unknown,still,unknown,unknown,False,False,False,unknown,unknown,unknown
287,287,2,early-morning,unknown,unknown,unknown,unknown,False,False,False,unknown,unknown,unknown
288,288,2,morning,unknown,unknown,unknown,unknown,False,False,False,unknown,unknown,unknown
289,289,2,morning,unknown,unknown,unknown,unknown,False,False,False,unknown,unknown,unknown
290,290,2,morning,unknown,unknown,unknown,unknown,False,False,False,unknown,unknown,unknown
291,291,2,afternoon,unknown,unknown,unknown,unknown,False,False,False,unknown,unknown,unknown
292,292,2,afternoon,unknown,unknown,unknown,unknown,False,False,False,unknown,unknown,unknown
293,293,2,evening,unknown,unknown,unknown,unknown,False,False,False,unknown,unknown,unknown
294,294,3,afternoon,unknown,unknown,unknown,unknown,False,False,False,unknown,unknown,unknown
295,295,3,evening,unknown,unknown,unknown,unknown,False,False,False,unknown,unknown,unknown
296,296,4,early-morning,unknown,unknown,unknown,unknown,False,False,False,unknown,unknown,unknown
297,297,4,morning,unknown,unknown,unknown,unknown,False,False,False,unknown,unknown,unknown
298,298,4,morning,unknown,unknown,unknown,unknown,False,False,False,unknown,unknown,unknown
299,299,4,morning,unknown,unknown,unknown,unknown,False,False,False,far,unknown,unknown
300,300,4,morning,unknown,unknown,unknown,unknown,False,False,False,unknown,unknown,unknown
301,301,4,morning,unknown,unknown,unknown,unknown,False,False,False,unknown,unknown,unknown
302,302,4,afternoon,unknown,unknown,unknown,unknown,False,False,False,unknown,unknown,unknown
303,303,4,afternoon,unknown,unknown,unknown,unknown,False,False,False,unknown,unknown,unknown
304,304,4,evening,unknown,unknown,unknown,unknown,False,False,False,unknown,unknown,unknown
305,305,4,evening,unknown,unknown,unknown,unknown,False,False,False,unknown,unknown,unknown
306,306,4,evening,unknown,unknown,unknown,unknown,False,False,False,far,normal,unknown
307,307,4,evening,unknown,unknown,unknown,unknown,False,False,False,unknown,unknown,unknown
308,308,4,evening,unknown,unknown,unknown,unknown,False,False,False,unknown,unknown,unknown
309,309,4,evening,unknown,unknown,unknown,unknown,False,False,False,unknown,unknown,unknown
310,310,4,evening,unknown,unknown,unknown,unknown,False,False,False,unknown,unknown,unknown
311,311,4,evening,unknown,unknown,unknown,unknown,False,False,False,unknown,unknown,unknown
312,312,4,evening,unknown,unknown,low,unknown,False,False,False,unknown,unknown,unknown
313,313,4,evening,unknown,unknown,low,unknown,False,False,False,far,unknown,unknown
314,314,4,evening,unknown,unknown,unknown,unknown,False,False,False,unknown,unknown,unknown
315,315,4,evening,unknown,unknown,unknown,unknown,False,False,False,unknown,unknown,unknown
316,316,4,evening,unknown,unknown,low,unknown,False,False,False,unknown,unknown,unknown
317,317,4,evening,unknown,unknown,unknown,unknown,False,False,False,unknown,unknown,unknown
318,318,4,evening,unknown,unknown,unknown,unknown,False,False,False,unknown,unknown,unknown
319,319,4,evening,unknown,unknown,unknown,unknown,False,False,False,unknown,unknown,unknown
320,320,4,evening,unknown,unknown,unknown,unknown,False,False,False,unknown,unknown,unknown
321,321,4,evening,unknown,unknown,unknown,unknown,False,False,False,unknown,unknown,unknown
322,322,5,morning,unknown,unknown,low,unknown,False,False,False,unknown,unknown,unknown
323,323,5,evening,unknown,unknown,unknown,unknown,False,False,False,unknown,unknown,unknown
324,324,5,evening,unknown,unknown,unknown,unknown,False,False,False,unknown,unknown,unknown
325,325,6,evening,unknown,unknown,unknown,unknown,False,False,False,unknown,unknown,unknown
326,326,6,evening,unknown,unknown,unknown,unknown,False,False,False,unknown,unknown,unknown
327,327,6,evening,unknown,unknown,low,unknown,False,False,False,unknown,unknown,unknown
328,328,6,evening,unknown,unknown,unknown,unknown,False,False,False,unknown,unknown,unknown
329,329,0,early-morning,unknown,unknown,unknown,medium,False,False,False,unknown,unknown,unknown
330,330,0,early-morning,unknown,unknown,unknown,unknown,False,False,False,unknown,unknown,unknown
331,331,0,early-morning,TYPE_ACCOUNTING TYPE_OTHER TYPE_ACCOUNTING TYPE_ACCOUNTING TYPE_ACCOUNTING TYPE_OTHER TYPE_ACCOUNTING TYPE_AIRPORT,unknown,unknown,unknown,False,False,False,unknown,unknown,unknown
332,332,0,early-morning,unknown,unknown,unknown,unknown,False,False,False,unknown,normal,unknown
333,333,0,afternoon,unknown,unknown,low,unknown,False,False,False,far,unknown,unknown
334,334,0,afternoon,unknown,unknown,unknown,medium,False,False,False,unknown,unknown,low
335,335,0,afternoon,unknown,still,unknown,unknown,False,False,False,unknown,unknown,low
336,336,0,afternoon,unknown,unknown,unknown,unknown,False,False,False,unknown,unknown,unknown
337,337,0,evening,unknown,unknown,unknown,unknown,False,False,False,unknown,unknown,low
338,338,1,early-morning,unknown,unknown,unknown,unknown,False,False,False,unknown,unknown,low
339,339,1,morning,TYPE_ACCOUNTING TYPE_OTHER TYPE_ACCOUNTING TYPE_ACCOUNTING TYPE_ACCOUNTING TYPE_OTHER TYPE_ACCOUNTING TYPE_AIRPORT,unknown,low,unknown,False,False,False,unknown,unknown,unknown
340,340,1,afternoon,unknown,unknown,unknown,unknown,False,False,False,unknown,unknown,unknown
341,341,1,afternoon,unknown,still,unknown,unknown,False,False,False,unknown,unknown,unknown
342,342,1,afternoon,unknown,unknown,unknown,medium,False,False,False,unknown,unknown,low
343,343,1,afternoon,TYPE_ACCOUNTING TYPE_OTHER TYPE_ACCOUNTING TYPE_ACCOUNTING TYPE_ACCOUNTING TYPE_OTHER TYPE_ACCOUNTING TYPE_AIRPORT,unknown,unknown,unknown,False,False,False,unknown,unknown,unknown
344,344,1,afternoon,unknown,unknown,unknown,unknown,False,False,False,unknown,unknown,low
345,345,1,afternoon,unknown,unknown,unknown,unknown,False,False,False,unknown,unknown,low
346,346,1,afternoon,TYPE_ACCOUNTING TYPE_OTHER TYPE_ACCOUNTING TYPE_ACCOUNTING TYPE_ACCOUNTING TYPE_OTHER TYPE_ACCOUNTING TYPE_AIRPORT,unknown,unknown,unknown,False,False,False,unknown,unknown,unknown
347,347,1,afternoon,unknown,unknown,unknown,unknown,False,False,False,unknown,unknown,unknown
348,348,1,evening,TYPE_ACCOUNTING TYPE_OTHER TYPE_ACCOUNTING TYPE_ACCOUNTING TYPE_ACCOUNTING TYPE_OTHER TYPE_ACCOUNTING TYPE_AIRPORT,still,unknown,unknown,False,False,False,unknown,unknown,unknown
349,349,1,evening,unknown,still,low,unknown,False,False,False,unknown,normal,unknown
350,350,2,afternoon,unknown,unknown,unknown,unknown,False,False,False,unknown,unknown,low
351,351,2,afternoon,unknown,unknown,unknown,unknown,False,False,False,unknown,unknown,unknown
352,352,2,afternoon,unknown,unknown,unknown,unknown,False,False,False,unknown,unknown,low
353,353,2,afternoon,unknown,unknown,unknown,unknown,False,False,False,unknown,unknown,low
354,354,3,afternoon,unknown,unknown,unknown,unknown,False,False,False,unknown,unknown,low
355,355,3,evening,unknown,unknown,unknown,unknown,False,False,False,unknown,unknown,unknown
356,356,4,early-morning,unknown,unknown,unknown,unknown,False,False,False,unknown,unknown,unknown
357,357,4,early-morning,unknown,unknown,unknown,unknown,False,False,False,unknown,unknown,unknown
358,358,4,morning,unknown,unknown,unknown,unknown,False,False,False,unknown,unknown,unknown
359,359,4,morning,unknown,unknown,low,unknown,False,False,False,far,unknown,unknown
360,360,4,evening,unknown,unknown,unknown,unknown,False,False,False,unknown,unknown,unknown
361,361,4,evening,unknown,unknown,unknown,unknown,False,False,False,unknown,unknown,unknown
362,362,4,evening,unknown,unknown,unknown,unknown,False,False,False,unknown,unknown,unknown
363,363,4,evening,unknown,unknown,unknown,unknown,False,False,False,unknown,unknown,unknown
364,364,4,evening,unknown,unknown,unknown,unknown,False,False,False,unknown,unknown,unknown
365,365,5,evening,unknown,unknown,low,unknown,False,False,False,unknown,unknown,unknown
366,366,5,evening,unknown,unknown,unknown,unknown,False,False,False,unknown,unknown,unknown
367,367,5,evening,unknown,unknown,unknown,unknown,False,False,False,unknown,unknown,unknown
368,368,5,evening,unknown,unknown,low,unknown,False,False,False,unknown,unknown,unknown
369,369,5,evening,unknown,unknown,unknown,unknown,False,False,False,far,unknown,unknown
370,370,6,evening,unknown,unknown,unknown,unknown,False,False,False,unknown,unknown,unknown
371,371,6,evening,unknown,unknown,unknown,unknown,False,False,False,unknown,unknown,unknown
372,372,6,evening,unknown,unknown,unknown,unknown,False,False,False,unknown,unknown,unknown
373,373,0,afternoon,unknown,still,unknown,unknown,False,False,False,unknown,unknown,unknown
374,374,0,afternoon,TYPE_ACCOUNTING TYPE_OTHER TYPE_ACCOUNTING TYPE_ACCOUNTING TYPE_ACCOUNTING TYPE_OTHER TYPE_ACCOUNTING TYPE_AIRPORT,still,low,medium,False,False,False,unknown,unknown,unknown
375,375,0,afternoon,unknown,still,unknown,unknown,False,False,False,unknown,unknown,unknown
376,376,0,afternoon,unknown,still,unknown,unknown,False,False,False,unknown,unknown,low
377,377,0,afternoon,TYPE_ACCOUNTING TYPE_OTHER TYPE_ACCOUNTING TYPE_ACCOUNTING TYPE_ACCOUNTING TYPE_OTHER TYPE_ACCOUNTING TYPE_AIRPORT,still,unknown,unknown,False,False,False,unknown,unknown,unknown
378,378,0,afternoon,unknown,unknown,unknown,unknown,False,False,False,unknown,unknown,unknown
379,379,0,afternoon,unknown,unknown,unknown,unknown,False,False,False,unknown,unknown,unknown
380,380,1,early-morning,unknown,unknown,low,unknown,False,False,False,near,unknown,unknown
381,381,1,early-morning,unknown,unknown,unknown,unknown,False,False,False,unknown,unknown,unknown
382,382,1,morning,unknown,unknown,low,unknown,False,False,False,unknown,normal,unknown
383,383,1,afternoon,unknown,unknown,unknown,unknown,False,False,False,unknown,unknown,unknown
384,384,1,afternoon,unknown,unknown,unknown,unknown,False,False,False,unknown,unknown,unknown
385,385,1,afternoon,unknown,unknown,unknown,unknown,False,False,False,unknown,unknown,unknown
386,386,1,afternoon,unknown,unknown,unknown,unknown,False,False,False,unknown,unknown,low
387,387,1,afternoon,unknown,unknown,unknown,unknown,False,False,False,unknown,unknown,unknown
388,388,1,afternoon,unknown,unknown,unknown,unknown,False,False,False,unknown,unknown,unknown
389,389,1,evening,unknown,unknown,unknown,unknown,False,False,False,unknown,unknown,unknown
390,390,1,evening,unknown,unknown,unknown,unknown,False,False,False,near,unknown,unknown
391,391,1,evening,unknown,unknown,low,unknown,False,False,False,unknown,normal,unknown
392,392,2,early-morning,unknown,unknown,unknown,unknown,False,False,False,unknown,unknown,low
393,393,2,early-morning,unknown,unknown,unknown,unknown,False,False,False,unknown,unknown,unknown
394,394,2,early-morning,unknown,unknown,unknown,unknown,False,False,False,unknown,unknown,unknown
395,395,2,early-morning,unknown,unknown,unknown,unknown,False,False,False,unknown,unknown,unknown
396,396,2,morning,unknown,unknown,low,unknown,False,False,False,unknown,unknown,unknown
397,397,2,afternoon,unknown,unknown,unknown,unknown,False,False,False,unknown,unknown,unknown
398,398,2,afternoon,unknown,unknown,unknown,unknown,False,False,False,unknown,unknown,unknown
399,399,2,afternoon,unknown,unknown,unknown,unknown,False,False,False,unknown,unknown,unknown
400,400,2,afternoon,unknown,unknown,unknown,unknown,False,False,False,unknown,unknown,unknown
401,401,2,evening,unknown,unknown,low,unknown,False,False,False,unknown,unknown,low
402,402,2,evening,unknown,unknown,unknown,unknown,False,False,False,near,unknown,unknown
403,403,2,evening,unknown,unknown,unknown,unknown,False,False,False,near,normal,low
404,404,2,evening,unknown,unknown,unknown,unknown,False,False,False,unknown,unknown,unknown
405,405,3,early-morning,unknown,unknown,unknown,unknown,False,False,False,unknown,unknown,unknown
406,406,3,morning,unknown,unknown,unknown,unknown,False,False,False,unknown,unknown,unknown
407,407,3,morning,unknown,unknown,low,unknown,False,False,False,unknown,unknown,unknown
408,408,3,morning,unknown,unknown,unknown,unknown,False,False,False,unknown,unknown,unknown
409,409,3,afternoon,unknown,unknown,unknown,unknown,False,False,False,unknown,unknown,unknown
410,410,3,afternoon,unknown,unknown,unknown,unknown,False,False,False,unknown,unknown,unknown
411,411,3,afternoon,unknown,unknown,unknown,unknown,False,False,False,unknown,unknown,low
412,412,3,afternoon,unknown,unknown,unknown,unknown,False,False,False,unknown,normal,low
413,413,3,afternoon,unknown,unknown,unknown,unknown,False,False,False,unknown,unknown,unknown
414,414,3,evening,unknown,unknown,unknown,unknown,False,False,False,unknown,unknown,unknown
415,415,4,early-morning,unknown,unknown,unknown,unknown,False,False,False,unknown,unknown,unknown
416,416,4,morning,unknown,unknown,unknown,unknown,False,False,False,far,unknown,unknown
417,417,4,afternoon,unknown,unknown,unknown,unknown,False,False,False,unknown,unknown,unknown
418,418,4,afternoon,unknown,unknown,unknown,unknown,False,False,False,unknown,unknown,unknown
419,419,4,afternoon,unknown,unknown,unknown,unknown,False,False,False,far,unknown,unknown
420,420,4,afternoon,unknown,unknown,unknown,unknown,False,False,False,unknown,unknown,unknown
421,421,4,evening,unknown,unknown,unknown,unknown,False,False,False,unknown,unknown,low
422,422,4,evening,unknown,unknown,unknown,unknown,False,False,False,unknown,unknown,unknown
423,423,4,evening,unknown,unknown,unknown,unknown,False,False,False,unknown,unknown,unknown
424,424,4,evening,unknown,unknown,low,unknown,False,False,False,far,unknown,unknown
425,425,4,evening,unknown,unknown,unknown,unknown,False,False,False,unknown,unknown,unknown
426,426,4,evening,unknown,unknown,unknown,unknown,False,False,False,unknown,unknown,unknown
427,427,4,evening,unknown,unknown,unknown,unknown,False,False,False,unknown,unknown,unknown
428,428,4,evening,unknown,unknown,unknown,unknown,False,False,False,unknown,unknown,unknown
429,429,4,evening,unknown,unknown,unknown,unknown,False,False,False,unknown,unknown,unknown
430,430,4,evening,unknown,unknown,unknown,unknown,False,False,False,unknown,unknown,unknown
431,431,4,evening,unknown,unknown,unknown,unknown,False,False,False,unknown,normal,unknown
432,432,4,evening,unknown,unknown,unknown,unknown,False,False,False,unknown,unknown,low
433,433,4,evening,unknown,unknown,unknown,unknown,False,False,False,unknown,unknown,unknown
434,434,4,evening,unknown,unknown,unknown,unknown,False,False,False,unknown,unknown,unknown
435,435,4,evening,unknown,unknown,unknown,unknown,False,False,False,unknown,unknown,unknown
436,436,4,evening,unknown,unknown,unknown,unknown,False,False,False,unknown,unknown,unknown
437,437,4,night,unknown,unknown,unknown,unknown,False,False,False,unknown,unknown,unknown
438,438,5,morning,unknown,unknown,unknown,unknown,False,False,False,far,unknown,unknown
439,439,5,morning,unknown,unknown,unknown,unknown,False,False,False,unknown,unknown,unknown
440,440,5,morning,unknown,unknown,unknown,unknown,False,False,False,unknown,unknown,unknown
441,441,5,afternoon,unknown,unknown,unknown,unknown,False,False,False,unknown,unknown,unknown
442,442,5,afternoon,unknown,unknown,unknown,unknown,False,False,False,unknown,unknown,unknown
443,443,5,evening,unknown,unknown,unknown,unknown,False,False,False,unknown,unknown,unknown
444,444,5,evening,unknown,unknown,unknown,unknown,False,False,False,far,unknown,unknown
445,445,5,evening,unknown,unknown,unknown,unknown,False,False,False,unknown,unknown,unknown
446,446,5,evening,unknown,unknown,unknown,unknown,False,False,False,unknown,unknown,unknown
447,447,5,evening,unknown,unknown,unknown,unknown,False,False,False,unknown,unknown,unknown
448,448,5,evening,unknown,unknown,unknown,unknown,False,False,False,unknown,unknown,unknown
449,449,5,evening,unknown,unknown,low,unknown,False,False,False,unknown,unknown,unknown
450,450,5,evening,unknown,unknown,unknown,unknown,False,False,False,unknown,unknown,low
451,451,5,evening,unknown,unknown,unknown,unknown,False,False,False,unknown,unknown,unknown
452,452,5,evening,unknown,unknown,unknown,unknown,False,False,False,unknown,unknown,unknown
453,453,5,evening,unknown,unknown,unknown,unknown,False,False,False,unknown,unknown,unknown
454,454,5,evening,unknown,unknown,unknown,unknown,False,False,False,unknown,unknown,unknown
455,455,5,evening,unknown,unknown,unknown,unknown,False,False,False,unknown,unknown,unknown
456,456,5,evening,unknown,unknown,unknown,unknown,False,False,False,unknown,unknown,unknown
457,457,6,evening,unknown,unknown,unknown,unknown,False,False,False,unknown,unknown,unknown
458,458,0,early-morning,unknown,unknown,unknown,unknown,False,False,False,near,normal,unknown
459,459,0,early-morning,unknown,unknown,unknown,unknown,False,False,False,unknown,unknown,unknown
460,460,0,early-morning,unknown,unknown,unknown,unknown,False,False,False,unknown,unknown,unknown
461,461,0,early-morning,unknown,unknown,unknown,unknown,False,False,False,unknown,normal,unknown
462,462,0,morning,TYPE_ACCOUNTING TYPE_OTHER TYPE_ACCOUNTING TYPE_ACCOUNTING TYPE_ACCOUNTING TYPE_OTHER TYPE_ACCOUNTING TYPE_AIRPORT,unknown,unknown,unknown,False,False,False,unknown,normal,unknown
463,463,0,afternoon,TYPE_ACCOUNTING TYPE_OTHER TYPE_ACCOUNTING TYPE_ACCOUNTING TYPE_ACCOUNTING TYPE_OTHER TYPE_ACCOUNTING TYPE_AIRPORT,still,unknown,unknown,False,False,False,unknown,unknown,unknown
464,464,0,afternoon,TYPE_ACCOUNTING TYPE_OTHER TYPE_ACCOUNTING TYPE_ACCOUNTING TYPE_ACCOUNTING TYPE_OTHER TYPE_ACCOUNTING TYPE_AIRPORT,still,unknown,unknown,False,False,False,unknown,unknown,low
465,465,0,afternoon,unknown,unknown,unknown,unknown,False,False,False,unknown,unknown,unknown
466,466,0,afternoon,unknown,unknown,unknown,unknown,False,False,False,unknown,normal,unknown
467,467,0,afternoon,TYPE_ACCOUNTING TYPE_OTHER TYPE_ACCOUNTING TYPE_ACCOUNTING TYPE_ACCOUNTING TYPE_OTHER TYPE_ACCOUNTING TYPE_AIRPORT,still,unknown,unknown,False,False,False,unknown,unknown,unknown
468,468,0,afternoon,unknown,still,unknown,medium,False,False,False,unknown,unknown,unknown
469,469,0,afternoon,unknown,tilting,unknown,unknown,False,False,False,unknown,unknown,unknown
470,470,0,afternoon,unknown,tilting,low,unknown,False,False,False,unknown,unknown,unknown
471,471,0,afternoon,unknown,unknown,low,unknown,False,False,False,unknown,unknown,unknown
472,472,0,afternoon,unknown,still,low,unknown,False,False,False,far,normal,unknown
473,473,1,early-morning,unknown,unknown,unknown,unknown,False,False,False,unknown,normal,unknown
474,474,1,morning,unknown,unknown,low,medium,False,False,False,unknown,unknown,unknown
475,475,1,morning,unknown,unknown,unknown,unknown,False,False,False,unknown,unknown,low
476,476,1,morning,unknown,unknown,unknown,unknown,False,False,False,unknown,normal,unknown
477,477,1,afternoon,unknown,unknown,unknown,medium,False,False,False,unknown,unknown,unknown
478,478,1,afternoon,unknown,unknown,low,unknown,False,False,False,unknown,normal,low
479,479,1,afternoon,TYPE_ACCOUNTING TYPE_OTHER TYPE_ACCOUNTING TYPE_ACCOUNTING TYPE_ACCOUNTING TYPE_OTHER TYPE_ACCOUNTING TYPE_AIRPORT,unknown,unknown,unknown,False,False,False,unknown,unknown,unknown
480,480,1,afternoon,unknown,unknown,unknown,unknown,False,False,False,far,normal,unknown
481,481,1,afternoon,unknown,unknown,unknown,unknown,False,False,False,unknown,unknown,unknown
482,482,1,afternoon,TYPE_ACCOUNTING TYPE_OTHER TYPE_ACCOUNTING TYPE_ACCOUNTING TYPE_ACCOUNTING TYPE_OTHER TYPE_ACCOUNTING TYPE_AIRPORT,unknown,unknown,unknown,False,False,False,unknown,unknown,unknown
483,483,1,afternoon,unknown,unknown,unknown,unknown,False,False,False,unknown,unknown,low
484,484,1,evening,unknown,still,unknown,medium,False,False,False,unknown,unknown,unknown
485,485,1,evening,unknown,unknown,unknown,unknown,False,False,False,unknown,normal,unknown
486,486,1,evening,unknown,unknown,unknown,unknown,False,False,False,unknown,unknown,low
487,487,2,early-morning,unknown,unknown,unknown,unknown,False,False,False,unknown,normal,unknown
488,488,2,early-morning,unknown,unknown,unknown,unknown,False,False,False,unknown,normal,unknown
489,489,2,morning,unknown,unknown,unknown,unknown,False,False,False,unknown,unknown,low
490,490,2,afternoon,unknown,unknown,unknown,unknown,False,False,False,unknown,unknown,unknown
491,491,2,afternoon,unknown,unknown,unknown,unknown,False,False,False,unknown,unknown,unknown
492,492,2,evening,unknown,unknown,unknown,unknown,False,False,False,unknown,unknown,unknown
493,493,2,evening,unknown,unknown,unknown,unknown,False,False,False,unknown,unknown,low
494,494,3,early-morning,unknown,unknown,unknown,unknown,False,False,False,unknown,unknown,unknown
495,495,3,morning,unknown,unknown,unknown,unknown,False,False,False,unknown,unknown,unknown
496,496,3,afternoon,unknown,unknown,unknown,unknown,False,False,False,unknown,unknown,unknown
497,497,3,evening,unknown,unknown,unknown,unknown,False,False,False,unknown,unknown,unknown
498,498,3,evening,unknown,unknown,unknown,unknown,False,False,False,unknown,unknown,unknown
499,499,3,evening,unknown,unknown,unknown,unknown,False,False,False,unknown,unknown,unknown
500,500,3,evening,unknown,unknown,unknown,unknown,False,False,False,unknown,unknown,unknown
501,501,3,evening,unknown,unknown,low,unknown,False,False,False,unknown,unknown,unknown
502,502,3,evening,unknown,unknown,low,unknown,False,False,False,near,unknown,low
503,503,3,evening,unknown,unknown,unknown,unknown,False,False,False,unknown,unknown,unknown
504,504,4,morning,unknown,unknown,unknown,unknown,False,False,False,unknown,unknown,unknown
505,505,4,morning,unknown,unknown,unknown,unknown,False,False,False,unknown,unknown,unknown
506,506,4,morning,unknown,unknown,low,unknown,False,False,False,unknown,unknown,unknown
507,507,4,morning,unknown,unknown,unknown,unknown,False,False,False,far,unknown,unknown
508,508,4,morning,unknown,unknown,unknown,unknown,False,False,False,unknown,unknown,unknown
509,509,4,morning,unknown,unknown,unknown,unknown,False,False,False,unknown,unknown,unknown
510,510,4,afternoon,unknown,unknown,unknown,unknown,False,False,False,far,normal,unknown
511,511,4,afternoon,unknown,unknown,unknown,unknown,False,False,False,unknown,unknown,unknown
512,512,4,evening,unknown,unknown,unknown,unknown,False,False,False,unknown,unknown,unknown
513,513,4,evening,unknown,unknown,unknown,unknown,False,False,False,unknown,unknown,low
514,514,4,evening,unknown,unknown,low,unknown,False,False,False,unknown,unknown,unknown
515,515,4,evening,unknown,unknown,unknown,unknown,False,False,False,unknown,unknown,unknown
516,516,4,evening,unknown,unknown,low,unknown,False,False,False,unknown,unknown,unknown
517,517,4,evening,unknown,unknown,unknown,unknown,False,False,False,unknown,unknown,unknown
518,518,4,evening,unknown,unknown,unknown,unknown,False,False,False,unknown,unknown,unknown
519,519,4,evening,unknown,unknown,unknown,unknown,False,False,False,unknown,unknown,unknown
520,520,4,evening,unknown,unknown,unknown,unknown,False,False,False,unknown,unknown,unknown
521,521,5,morning,unknown,unknown,unknown,unknown,False,False,False,unknown,unknown,unknown
522,522,5,afternoon,unknown,unknown,unknown,unknown,False,False,False,unknown,unknown,unknown
523,523,5,afternoon,unknown,unknown,unknown,unknown,False,False,False,unknown,unknown,unknown
524,524,5,evening,unknown,unknown,unknown,unknown,False,False,False,unknown,unknown,unknown
525,525,5,evening,unknown,unknown,low,unknown,False,False,False,far,unknown,unknown
526,526,5,evening,unknown,unknown,unknown,unknown,False,False,False,unknown,unknown,unknown
527,527,5,evening,unknown,unknown,unknown,unknown,False,False,False,unknown,unknown,unknown
528,528,5,evening,unknown,unknown,unknown,unknown,False,False,False,unknown,unknown,unknown
529,529,5,evening,unknown,unknown,unknown,unknown,False,False,False,unknown,unknown,unknown
530,530,5,evening,unknown,unknown,unknown,unknown,False,False,False,unknown,unknown,unknown
531,531,5,evening,unknown,unknown,unknown,unknown,False,False,False,unknown,unknown,unknown
532,532,5,evening,unknown,unknown,unknown,unknown,False,False,False,unknown,unknown,unknown
533,533,5,evening,unknown,unknown,unknown,unknown,False,False,False,unknown,unknown,unknown
534,534,6,morning,unknown,unknown,unknown,unknown,False,False,False,unknown,unknown,unknown
535,535,6,morning,unknown,unknown,unknown,unknown,False,False,False,unknown,unknown,unknown
536,536,6,evening,unknown,unknown,unknown,unknown,False,False,False,unknown,unknown,unknown
537,537,6,evening,unknown,unknown,unknown,unknown,False,False,False,unknown,unknown,unknown
538,538,6,evening,unknown,unknown,unknown,unknown,False,False,False,unknown,unknown,unknown
539,539,6,evening,unknown,unknown,unknown,unknown,False,False,False,unknown,unknown,unknown
540,540,6,evening,unknown,unknown,unknown,unknown,False,False,False,unknown,unknown,unknown
541,541,6,evening,unknown,unknown,unknown,unknown,False,False,False,unknown,unknown,unknown
542,542,6,evening,unknown,unknown,unknown,unknown,False,False,False,unknown,unknown,unknown
543,543,6,evening,unknown,unknown,unknown,unknown,False,False,False,unknown,unknown,unknown
544,544,6,evening,unknown,unknown,unknown,unknown,False,False,False,unknown,unknown,unknown
545,545,6,evening,unknown,unknown,unknown,unknown,False,False,False,unknown,unknown,unknown
546,546,0,early-morning,unknown,unknown,unknown,unknown,False,False,False,unknown,normal,unknown
547,547,0,early-morning,unknown,unknown,low,unknown,False,False,False,near,normal,unknown
548,548,0,early-morning,unknown,unknown,unknown,unknown,False,False,False,unknown,unknown,unknown
549,549,0,early-morning,unknown,unknown,unknown,unknown,False,False,False,near,normal,unknown
550,550,0,early-morning,unknown,still,unknown,unknown,False,False,False,unknown,unknown,unknown
551,551,0,early-morning,unknown,unknown,unknown,medium,False,False,False,unknown,unknown,low
552,552,0,early-morning,unknown,unknown,unknown,unknown,False,False,False,near,unknown,unknown
553,553,0,morning,unknown,still,unknown,unknown,False,False,False,unknown,unknown,unknown
554,554,0,afternoon,TYPE_ACCOUNTING TYPE_OTHER TYPE_ACCOUNTING TYPE_ACCOUNTING TYPE_ACCOUNTING TYPE_OTHER TYPE_ACCOUNTING TYPE_AIRPORT,unknown,low,medium,False,False,False,unknown,unknown,unknown
555,555,0,afternoon,TYPE_ACCOUNTING TYPE_OTHER TYPE_ACCOUNTING TYPE_ACCOUNTING TYPE_ACCOUNTING TYPE_OTHER TYPE_ACCOUNTING TYPE_AIRPORT,unknown,unknown,unknown,False,False,False,unknown,unknown,low
556,556,0,afternoon,unknown,unknown,unknown,unknown,False,False,False,unknown,unknown,unknown
557,557,0,afternoon,unknown,still,unknown,unknown,False,False,False,unknown,unknown,unknown
558,558,0,afternoon,TYPE_ACCOUNTING TYPE_OTHER TYPE_ACCOUNTING TYPE_ACCOUNTING TYPE_ACCOUNTING TYPE_OTHER TYPE_ACCOUNTING TYPE_AIRPORT,unknown,unknown,unknown,False,False,False,unknown,unknown,unknown
559,559,0,afternoon,unknown,still,low,unknown,False,False,False,unknown,unknown,unknown
560,560,0,afternoon,TYPE_ACCOUNTING TYPE_OTHER TYPE_ACCOUNTING TYPE_ACCOUNTING TYPE_ACCOUNTING TYPE_OTHER TYPE_ACCOUNTING TYPE_AIRPORT,unknown,unknown,medium,False,False,False,unknown,unknown,unknown
561,561,0,afternoon,TYPE_ACCOUNTING TYPE_OTHER TYPE_ACCOUNTING TYPE_ACCOUNTING TYPE_ACCOUNTING TYPE_OTHER TYPE_ACCOUNTING TYPE_AIRPORT,unknown,unknown,medium,False,False,False,near,normal,unknown
562,562,0,afternoon,unknown,still,unknown,unknown,False,False,False,unknown,unknown,unknown
563,563,0,afternoon,unknown,still,low,unknown,False,False,False,unknown,unknown,unknown
564,564,0,afternoon,TYPE_ACCOUNTING TYPE_OTHER TYPE_ACCOUNTING TYPE_ACCOUNTING TYPE_ACCOUNTING TYPE_OTHER TYPE_ACCOUNTING TYPE_AIRPORT,unknown,unknown,unknown,False,False,False,unknown,unknown,unknown
565,565,0,afternoon,unknown,unknown,unknown,unknown,False,False,False,unknown,unknown,unknown
566,566,1,early-morning,unknown,unknown,unknown,unknown,False,False,False,unknown,normal,unknown
567,567,1,early-morning,TYPE_ACCOUNTING TYPE_OTHER TYPE_ACCOUNTING TYPE_ACCOUNTING TYPE_ACCOUNTING TYPE_OTHER TYPE_ACCOUNTING TYPE_AIRPORT,unknown,unknown,unknown,False,False,False,unknown,unknown,unknown
568,568,1,early-morning,unknown,still,unknown,unknown,False,False,False,unknown,unknown,unknown
569,569,1,early-morning,unknown,unknown,unknown,unknown,False,False,False,unknown,normal,unknown
570,570,1,morning,unknown,unknown,low,unknown,False,False,False,far,normal,unknown
571,571,1,afternoon,TYPE_ACCOUNTING TYPE_OTHER TYPE_ACCOUNTING TYPE_ACCOUNTING TYPE_ACCOUNTING TYPE_OTHER TYPE_ACCOUNTING TYPE_AIRPORT,unknown,unknown,unknown,False,False,False,unknown,unknown,unknown
572,572,1,afternoon,unknown,unknown,unknown,unknown,False,False,False,unknown,unknown,unknown
573,573,1,afternoon,unknown,unknown,unknown,unknown,False,False,False,unknown,normal,unknown
574,574,1,evening,unknown,unknown,low,medium,False,False,False,unknown,unknown,unknown
575,575,1,evening,unknown,unknown,unknown,unknown,False,False,False,unknown,normal,unknown
576,576,1,evening,unknown,unknown,unknown,unknown,False,False,False,unknown,normal,low
577,577,2,early-morning,unknown,unknown,unknown,unknown,False,False,False,unknown,unknown,unknown
578,578,2,early-morning,unknown,unknown,unknown,unknown,False,False,False,unknown,unknown,unknown
579,579,2,morning,unknown,unknown,low,unknown,False,False,False,unknown,unknown,unknown
580,580,2,morning,unknown,unknown,low,unknown,False,False,False,unknown,unknown,unknown
581,581,2,morning,unknown,unknown,unknown,unknown,False,False,False,unknown,unknown,unknown
582,582,2,morning,unknown,unknown,unknown,unknown,False,False,False,unknown,unknown,unknown
583,583,2,afternoon,unknown,unknown,unknown,unknown,False,False,False,unknown,normal,unknown
584,584,2,evening,unknown,unknown,unknown,unknown,False,False,False,far,normal,low
585,585,2,evening,unknown,unknown,low,unknown,False,False,False,near,unknown,unknown
586,586,3,afternoon,unknown,unknown,unknown,unknown,False,False,False,unknown,unknown,low
587,587,3,evening,unknown,unknown,low,unknown,False,False,False,unknown,unknown,unknown
588,588,3,evening,unknown,unknown,low,unknown,False,False,False,unknown,unknown,unknown
589,589,4,early-morning,unknown,unknown,unknown,unknown,False,False,False,unknown,unknown,unknown
590,590,4,morning,unknown,unknown,unknown,unknown,False,False,False,unknown,unknown,unknown
591,591,4,morning,unknown,unknown,unknown,unknown,False,False,False,unknown,unknown,unknown
592,592,4,morning,unknown,unknown,unknown,unknown,False,False,False,unknown,unknown,unknown
593,593,4,afternoon,unknown,unknown,unknown,unknown,False,False,False,unknown,unknown,unknown
594,594,4,afternoon,unknown,unknown,unknown,unknown,False,False,False,unknown,unknown,unknown
595,595,4,afternoon,unknown,unknown,unknown,unknown,False,False,False,unknown,unknown,unknown
596,596,4,evening,unknown,unknown,unknown,unknown,False,False,False,unknown,unknown,unknown
597,597,4,evening,unknown,unknown,unknown,unknown,False,False,False,far,unknown,unknown
598,598,4,evening,unknown,unknown,unknown,unknown,False,False,False,unknown,unknown,unknown
599,599,4,night,unknown,unknown,unknown,unknown,False,False,False,unknown,unknown,unknown
600,600,5,morning,unknown,unknown,unknown,unknown,False,False,False,unknown,unknown,unknown
601,601,5,morning,unknown,unknown,unknown,unknown,False,False,False,unknown,unknown,unknown
602,602,5,morning,unknown,unknown,unknown,unknown,False,False,False,unknown,unknown,unknown
603,603,5,morning,unknown,unknown,unknown,unknown,False,False,False,far,unknown,unknown
604,604,5,morning,unknown,unknown,unknown,unknown,False,False,False,unknown,unknown,unknown
605,605,5,afternoon,unknown,unknown,unknown,unknown,False,False,False,unknown,unknown,unknown
606,606,5,afternoon,unknown,unknown,unknown,unknown,False,False,False,unknown,unknown,unknown
607,607,5,evening,unknown,unknown,unknown,unknown,False,False,False,unknown,unknown,unknown
608,608,5,evening,unknown,unknown,unknown,unknown,False,False,False,unknown,unknown,unknown
609,609,5,evening,unknown,unknown,unknown,unknown,False,False,False,unknown,unknown,unknown
610,610,5,evening,unknown,unknown,low,unknown,False,False,False,unknown,unknown,unknown
611,611,5,evening,unknown,unknown,unknown,unknown,False,False,False,unknown,unknown,unknown
612,612,5,evening,unknown,unknown,unknown,unknown,False,False,False,unknown,unknown,unknown
613,613,5,evening,unknown,unknown,unknown,unknown,False,False,False,unknown,unknown,unknown
614,614,5,evening,unknown,unknown,unknown,unknown,False,False,False,unknown,unknown,unknown
615,615,5,evening,unknown,unknown,unknown,unknown,False,False,False,far,unknown,unknown
616,616,5,evening,unknown,unknown,unknown,unknown,False,False,False,unknown,unknown,unknown
617,617,5,evening,unknown,unknown,unknown,unknown,False,False,False,unknown,unknown,unknown
618,618,5,night,unknown,unknown,unknown,unknown,False,False,False,unknown,unknown,unknown
619,619,6,evening,unknown,unknown,unknown,unknown,False,False,False,unknown,unknown,unknown
620,620,6,evening,unknown,unknown,unknown,unknown,False,False,False,unknown,unknown,unknown
621,621,6,evening,unknown,unknown,unknown,unknown,False,False,False,unknown,unknown,unknown
622,622,6,evening,unknown,unknown,unknown,unknown,False,False,False,unknown,unknown,unknown
623,623,0,early-morning,unknown,unknown,unknown,low,False,False,False,unknown,unknown,unknown
624,624,0,early-morning,unknown,still,unknown,unknown,False,False,False,unknown,unknown,unknown
625,625,0,morning,TYPE_ACCOUNTING TYPE_OTHER TYPE_ACCOUNTING TYPE_ACCOUNTING TYPE_ACCOUNTING TYPE_OTHER TYPE_ACCOUNTING TYPE_AIRPORT,unknown,low,unknown,False,False,False,unknown,unknown,unknown
626,626,0,afternoon,unknown,unknown,unknown,medium,False,False,False,unknown,unknown,unknown
627,627,0,afternoon,TYPE_ACCOUNTING TYPE_OTHER TYPE_ACCOUNTING TYPE_ACCOUNTING TYPE_ACCOUNTING TYPE_OTHER TYPE_ACCOUNTING TYPE_AIRPORT,unknown,unknown,unknown,False,False,False,unknown,unknown,unknown
628,628,0,afternoon,unknown,still,unknown,unknown,False,False,False,unknown,unknown,unknown
629,629,0,afternoon,unknown,still,unknown,unknown,False,False,False,unknown,unknown,unknown
630,630,0,evening,unknown,unknown,unknown,unknown,False,False,False,unknown,unknown,unknown
631,631,0,evening,unknown,unknown,low,unknown,False,False,False,unknown,unknown,unknown
632,632,1,early-morning,unknown,unknown,unknown,unknown,False,False,False,unknown,unknown,low
633,633,1,afternoon,unknown,unknown,unknown,unknown,False,False,False,unknown,unknown,low
634,634,1,afternoon,unknown,unknown,unknown,unknown,False,False,False,unknown,unknown,unknown
635,635,1,evening,unknown,unknown,unknown,unknown,False,False,False,unknown,unknown,unknown
636,636,2,morning,unknown,unknown,unknown,unknown,False,False,False,far,unknown,low
637,637,2,afternoon,unknown,unknown,unknown,unknown,False,False,False,unknown,unknown,unknown
638,638,2,afternoon,unknown,unknown,unknown,medium,False,False,False,unknown,unknown,unknown
639,639,2,afternoon,unknown,unknown,unknown,unknown,False,False,False,unknown,normal,unknown
640,640,2,afternoon,unknown,unknown,unknown,unknown,False,False,False,unknown,normal,unknown
641,641,2,evening,unknown,unknown,low,unknown,False,False,False,far,unknown,unknown
642,642,2,evening,unknown,unknown,low,unknown,False,False,False,near,unknown,unknown
643,643,2,evening,unknown,unknown,unknown,unknown,False,False,False,unknown,unknown,unknown
644,644,2,evening,unknown,unknown,unknown,unknown,False,False,False,unknown,unknown,low
645,645,3,early-morning,unknown,unknown,unknown,unknown,False,False,False,unknown,unknown,unknown
646,646,3,morning,unknown,unknown,low,unknown,False,False,False,unknown,unknown,unknown
647,647,3,morning,unknown,unknown,unknown,unknown,False,False,False,unknown,unknown,unknown
648,648,3,afternoon,unknown,unknown,unknown,unknown,False,False,False,unknown,unknown,unknown
649,649,3,evening,unknown,unknown,unknown,unknown,False,False,False,unknown,unknown,unknown
650,650,3,evening,unknown,unknown,low,unknown,False,False,False,far,unknown,unknown
651,651,4,morning,unknown,unknown,unknown,unknown,False,False,False,unknown,unknown,unknown
652,652,4,morning,unknown,unknown,unknown,unknown,False,False,False,unknown,unknown,unknown
653,653,4,afternoon,unknown,unknown,unknown,unknown,False,False,False,unknown,unknown,unknown
654,654,4,afternoon,unknown,unknown,unknown,unknown,False,False,False,unknown,unknown,unknown
655,655,4,evening,unknown,unknown,unknown,unknown,False,False,False,unknown,unknown,unknown
656,656,4,evening,unknown,unknown,unknown,unknown,False,False,False,unknown,unknown,unknown
657,657,4,evening,unknown,unknown,unknown,unknown,False,False,False,unknown,unknown,unknown
658,658,4,evening,unknown,unknown,unknown,unknown,False,False,False,unknown,unknown,unknown
659,659,4,evening,unknown,unknown,unknown,unknown,False,False,False,unknown,unknown,unknown
660,660,4,evening,unknown,unknown,unknown,unknown,False,False,False,unknown,unknown,unknown
661,661,5,morning,unknown,unknown,unknown,unknown,False,False,False,unknown,unknown,unknown
662,662,5,morning,unknown,unknown,unknown,unknown,False,False,False,unknown,unknown,unknown
663,663,5,afternoon,unknown,unknown,unknown,unknown,False,False,False,unknown,unknown,unknown
664,664,5,evening,unknown,unknown,unknown,unknown,False,False,False,unknown,unknown,unknown
665,665,5,evening,unknown,unknown,unknown,unknown,False,False,False,unknown,unknown,unknown
666,666,5,evening,unknown,unknown,unknown,unknown,False,False,False,unknown,unknown,unknown
667,667,5,evening,unknown,unknown,unknown,unknown,False,False,False,unknown,unknown,unknown
668,668,5,evening,unknown,unknown,unknown,unknown,False,False,False,unknown,unknown,unknown
669,669,5,evening,unknown,unknown,low,unknown,False,False,False,far,unknown,unknown
670,670,5,evening,unknown,unknown,unknown,unknown,False,False,False,unknown,unknown,unknown
671,671,5,evening,unknown,unknown,unknown,unknown,False,False,False,unknown,unknown,unknown
672,672,5,evening,unknown,unknown,unknown,unknown,False,False,False,unknown,unknown,unknown
673,673,5,night,unknown,unknown,unknown,unknown,False,False,False,unknown,unknown,unknown
674,674,6,morning,unknown,unknown,unknown,unknown,False,False,False,unknown,unknown,unknown
675,675,6,morning,unknown,unknown,unknown,unknown,False,False,False,unknown,unknown,unknown
676,676,6,evening,unknown,unknown,unknown,unknown,False,False,False,unknown,unknown,unknown
677,677,6,evening,unknown,unknown,unknown,unknown,False,False,False,unknown,unknown,unknown
678,678,6,evening,unknown,unknown,unknown,unknown,False,False,False,unknown,unknown,unknown
679,679,6,evening,unknown,unknown,unknown,unknown,False,False,False,unknown,unknown,unknown
680,680,6,evening,unknown,unknown,unknown,unknown,False,False,False,unknown,unknown,unknown
681,681,6,evening,unknown,unknown,unknown,unknown,False,False,False,unknown,unknown,unknown
682,682,6,evening,unknown,unknown,unknown,unknown,False,False,False,unknown,unknown,unknown
683,683,0,early-morning,unknown,unknown,unknown,unknown,False,False,False,unknown,unknown,unknown
684,684,0,afternoon,unknown,unknown,unknown,unknown,False,False,False,unknown,unknown,unknown
685,685,0,afternoon,TYPE_ACCOUNTING TYPE_OTHER TYPE_ACCOUNTING TYPE_ACCOUNTING TYPE_ACCOUNTING TYPE_OTHER TYPE_ACCOUNTING TYPE_AIRPORT,unknown,unknown,unknown,False,False,False,far,unknown,unknown
686,686,0,afternoon,unknown,unknown,unknown,unknown,False,False,False,unknown,normal,low
687,687,0,afternoon,TYPE_ACCOUNTING TYPE_OTHER TYPE_ACCOUNTING TYPE_ACCOUNTING TYPE_ACCOUNTING TYPE_OTHER TYPE_ACCOUNTING TYPE_AIRPORT,still,unknown,unknown,False,False,False,unknown,unknown,unknown
688,688,0,afternoon,TYPE_ACCOUNTING TYPE_OTHER TYPE_ACCOUNTING TYPE_ACCOUNTING TYPE_ACCOUNTING TYPE_OTHER TYPE_ACCOUNTING TYPE_AIRPORT,unknown,unknown,unknown,False,False,False,unknown,unknown,unknown
689,689,1,early-morning,unknown,unknown,unknown,unknown,False,False,False,unknown,normal,unknown
690,690,1,afternoon,unknown,still,unknown,unknown,False,False,False,unknown,unknown,unknown
691,691,1,afternoon,TYPE_ACCOUNTING TYPE_OTHER TYPE_ACCOUNTING TYPE_ACCOUNTING TYPE_ACCOUNTING TYPE_OTHER TYPE_ACCOUNTING TYPE_AIRPORT,unknown,unknown,unknown,False,False,False,unknown,unknown,unknown
692,692,1,evening,unknown,unknown,unknown,unknown,False,False,False,unknown,unknown,unknown
693,693,2,evening,unknown,unknown,low,unknown,False,False,False,unknown,unknown,unknown
694,694,2,evening,unknown,unknown,unknown,unknown,False,False,False,unknown,unknown,unknown
695,695,2,evening,unknown,unknown,unknown,unknown,False,False,False,near,unknown,unknown
696,696,3,morning,unknown,unknown,unknown,unknown,False,False,False,unknown,unknown,unknown
697,697,3,morning,unknown,unknown,unknown,unknown,False,False,False,unknown,unknown,unknown
698,698,3,morning,unknown,unknown,unknown,unknown,False,False,False,unknown,unknown,unknown
699,699,3,morning,unknown,unknown,unknown,unknown,False,False,False,unknown,unknown,unknown
700,700,3,afternoon,unknown,unknown,unknown,unknown,False,False,False,unknown,unknown,unknown
701,701,3,evening,unknown,unknown,unknown,unknown,False,False,False,unknown,unknown,unknown
702,702,3,evening,unknown,unknown,unknown,unknown,False,False,False,far,unknown,unknown
703,703,4,morning,unknown,unknown,unknown,unknown,False,False,False,unknown,unknown,unknown
704,704,4,morning,TYPE_ACCOUNTING TYPE_OTHER TYPE_ACCOUNTING TYPE_ACCOUNTING TYPE_ACCOUNTING TYPE_OTHER TYPE_ACCOUNTING TYPE_AIRPORT,unknown,unknown,unknown,False,False,False,unknown,unknown,unknown
705,705,4,afternoon,unknown,unknown,unknown,unknown,False,False,False,unknown,unknown,unknown
706,706,4,afternoon,unknown,unknown,unknown,unknown,False,False,False,unknown,unknown,unknown
707,707,4,afternoon,unknown,unknown,unknown,unknown,False,False,False,unknown,unknown,unknown
708,708,4,evening,unknown,unknown,unknown,unknown,False,False,False,unknown,unknown,unknown
709,709,4,evening,unknown,unknown,unknown,unknown,False,False,False,unknown,unknown,unknown
710,710,4,evening,unknown,unknown,unknown,unknown,False,False,False,unknown,unknown,unknown
711,711,4,evening,unknown,unknown,unknown,unknown,False,False,False,unknown,unknown,unknown
712,712,4,evening,unknown,unknown,unknown,unknown,False,False,False,unknown,unknown,unknown
713,713,4,evening,unknown,unknown,unknown,unknown,False,False,False,unknown,unknown,unknown
714,714,4,evening,unknown,unknown,unknown,unknown,False,False,False,unknown,unknown,unknown
715,715,4,evening,unknown,unknown,unknown,unknown,False,False,False,unknown,unknown,low
716,716,4,evening,unknown,unknown,unknown,unknown,False,False,False,unknown,unknown,unknown
717,717,4,evening,unknown,unknown,unknown,unknown,False,False,False,unknown,unknown,unknown
718,718,4,evening,unknown,unknown,low,unknown,False,False,False,far,unknown,unknown
719,719,4,evening,unknown,unknown,unknown,unknown,False,False,False,unknown,unknown,unknown
720,720,4,evening,unknown,unknown,unknown,unknown,False,False,False,unknown,unknown,unknown
721,721,4,evening,unknown,unknown,unknown,unknown,False,False,False,far,unknown,unknown
722,722,5,morning,unknown,unknown,unknown,unknown,False,False,False,unknown,unknown,unknown
723,723,5,morning,unknown,unknown,unknown,unknown,False,False,False,unknown,unknown,unknown
724,724,5,morning,unknown,unknown,unknown,unknown,False,False,False,far,unknown,unknown
725,725,5,morning,unknown,unknown,unknown,unknown,False,False,False,unknown,unknown,unknown
726,726,5,evening,unknown,unknown,unknown,unknown,False,False,False,unknown,unknown,unknown
727,727,5,evening,unknown,unknown,unknown,unknown,False,False,False,unknown,unknown,unknown
728,728,5,evening,unknown,unknown,unknown,unknown,False,False,False,unknown,unknown,unknown
729,729,5,evening,unknown,unknown,low,unknown,False,False,False,unknown,unknown,unknown
730,730,5,evening,unknown,unknown,unknown,unknown,False,False,False,unknown,unknown,unknown
731,731,5,evening,unknown,unknown,unknown,unknown,False,False,False,unknown,unknown,unknown
732,732,5,evening,unknown,unknown,unknown,unknown,False,False,False,unknown,unknown,low
733,733,5,evening,unknown,unknown,unknown,unknown,False,False,False,unknown,unknown,unknown
734,734,5,evening,unknown,unknown,unknown,unknown,False,False,False,unknown,unknown,unknown
735,735,5,evening,unknown,unknown,unknown,unknown,False,False,False,unknown,unknown,unknown
736,736,5,evening,unknown,unknown,unknown,unknown,False,False,False,unknown,unknown,unknown
737,737,5,evening,unknown,unknown,unknown,unknown,False,False,False,unknown,unknown,unknown
738,738,5,evening,unknown,unknown,unknown,unknown,False,False,False,unknown,unknown,unknown
739,739,5,evening,unknown,unknown,unknown,unknown,False,False,False,unknown,unknown,unknown
740,740,5,evening,unknown,unknown,unknown,unknown,False,False,False,unknown,unknown,unknown
741,741,6,evening,unknown,unknown,unknown,unknown,False,False,False,unknown,unknown,unknown
742,742,6,evening,unknown,unknown,unknown,unknown,False,False,False,unknown,unknown,unknown
743,743,6,evening,unknown,unknown,unknown,unknown,False,False,False,unknown,unknown,unknown
744,744,6,evening,unknown,unknown,unknown,unknown,False,False,False,unknown,unknown,unknown
745,745,6,evening,unknown,unknown,unknown,unknown,False,False,False,unknown,unknown,unknown
746,746,6,evening,unknown,unknown,unknown,unknown,False,False,False,unknown,unknown,unknown
747,747,0,evening,unknown,unknown,low,unknown,False,False,False,unknown,unknown,unknown
748,748,1,early-morning,unknown,unknown,unknown,unknown,False,False,False,unknown,unknown,unknown
749,749,1,early-morning,unknown,unknown,unknown,unknown,False,False,False,unknown,unknown,unknown
750,750,1,morning,unknown,unknown,low,unknown,False,False,False,far,unknown,unknown
751,751,1,afternoon,unknown,unknown,low,unknown,False,False,False,unknown,unknown,unknown
752,752,1,afternoon,unknown,unknown,unknown,unknown,False,False,False,unknown,unknown,unknown
753,753,1,afternoon,unknown,unknown,unknown,unknown,False,False,False,unknown,unknown,unknown
754,754,1,afternoon,unknown,unknown,unknown,unknown,False,False,False,unknown,unknown,unknown
755,755,2,early-morning,unknown,unknown,unknown,unknown,False,False,False,unknown,unknown,unknown
756,756,2,afternoon,unknown,unknown,unknown,unknown,False,False,False,unknown,unknown,unknown
757,757,2,evening,unknown,unknown,low,unknown,False,False,False,near,unknown,unknown
758,758,2,evening,unknown,unknown,low,unknown,False,False,False,unknown,unknown,unknown
759,759,3,morning,unknown,unknown,unknown,unknown,False,False,False,far,normal,unknown
760,760,3,morning,unknown,unknown,unknown,unknown,False,False,False,unknown,unknown,unknown
761,761,3,morning,unknown,unknown,unknown,unknown,False,False,False,unknown,unknown,unknown
762,762,3,morning,unknown,unknown,unknown,unknown,False,False,False,unknown,unknown,unknown
763,763,3,afternoon,unknown,unknown,unknown,unknown,False,False,False,unknown,unknown,unknown
764,764,3,afternoon,unknown,unknown,unknown,unknown,False,False,False,unknown,unknown,unknown
765,765,3,afternoon,unknown,unknown,unknown,unknown,False,False,False,unknown,unknown,unknown
766,766,3,afternoon,unknown,unknown,unknown,unknown,False,False,False,unknown,unknown,unknown
767,767,3,afternoon,unknown,unknown,unknown,unknown,False,False,False,unknown,unknown,unknown
768,768,3,evening,unknown,unknown,unknown,unknown,False,False,False,unknown,unknown,unknown
769,769,3,evening,unknown,unknown,low,unknown,False,False,False,unknown,unknown,low
770,770,3,evening,unknown,unknown,unknown,unknown,False,False,False,unknown,unknown,unknown
771,771,3,evening,unknown,unknown,unknown,unknown,False,False,False,unknown,unknown,unknown
772,772,3,evening,unknown,unknown,unknown,unknown,False,False,False,unknown,unknown,unknown
773,773,4,morning,unknown,unknown,unknown,unknown,False,False,False,unknown,unknown,unknown
774,774,4,morning,unknown,unknown,unknown,unknown,False,False,False,unknown,unknown,unknown
775,775,4,morning,unknown,unknown,low,unknown,False,False,False,unknown,unknown,unknown
776,776,4,morning,unknown,unknown,unknown,unknown,False,False,False,unknown,unknown,unknown
777,777,4,morning,unknown,unknown,unknown,unknown,False,False,False,far,unknown,unknown
778,778,4,afternoon,unknown,unknown,unknown,unknown,False,False,False,unknown,unknown,unknown
779,779,4,evening,unknown,unknown,low,unknown,False,False,False,unknown,unknown,unknown
780,780,4,evening,unknown,unknown,unknown,unknown,False,False,False,unknown,unknown,unknown
781,781,4,evening,unknown,unknown,unknown,unknown,False,False,False,unknown,unknown,low
782,782,4,evening,unknown,unknown,unknown,unknown,False,False,False,unknown,unknown,unknown
783,783,4,evening,unknown,unknown,unknown,unknown,False,False,False,far,unknown,unknown
784,784,4,evening,unknown,unknown,unknown,unknown,False,False,False,unknown,unknown,unknown
785,785,4,evening,unknown,unknown,unknown,unknown,False,False,False,unknown,unknown,unknown
786,786,4,evening,unknown,unknown,unknown,unknown,False,False,False,unknown,unknown,unknown
787,787,4,evening,unknown,unknown,unknown,unknown,False,False,False,unknown,unknown,unknown
788,788,4,evening,unknown,unknown,unknown,unknown,False,False,False,unknown,unknown,unknown
789,789,4,evening,unknown,unknown,unknown,unknown,False,False,False,unknown,unknown,unknown
790,790,4,evening,unknown,unknown,unknown,unknown,False,False,False,unknown,unknown,unknown
791,791,4,evening,unknown,unknown,unknown,unknown,False,False,False,unknown,unknown,unknown
792,792,4,evening,unknown,unknown,unknown,unknown,False,False,False,unknown,unknown,unknown
793,793,4,evening,unknown,unknown,unknown,unknown,False,False,False,unknown,unknown,unknown
794,794,4,evening,unknown,unknown,unknown,unknown,False,False,False,unknown,unknown,unknown
795,795,4,evening,unknown,unknown,unknown,unknown,False,False,False,unknown,unknown,unknown
796,796,4,evening,unknown,unknown,unknown,unknown,False,False,False,unknown,unknown,unknown
797,797,4,evening,unknown,unknown,unknown,unknown,False,False,False,unknown,unknown,unknown
798,798,4,evening,unknown,unknown,low,unknown,False,False,False,unknown,unknown,unknown
799,799,4,evening,unknown,unknown,unknown,unknown,False,False,False,unknown,unknown,unknown
800,800,4,evening,unknown,unknown,unknown,unknown,False,False,False,unknown,unknown,unknown
801,801,4,evening,unknown,unknown,unknown,unknown,False,False,False,unknown,unknown,unknown
802,802,4,evening,unknown,unknown,unknown,unknown,False,False,False,far,unknown,unknown
803,803,4,evening,unknown,unknown,unknown,unknown,False,False,False,unknown,unknown,unknown
804,804,5,morning,unknown,unknown,unknown,unknown,False,False,False,unknown,unknown,unknown
805,805,5,morning,unknown,unknown,unknown,unknown,False,False,False,unknown,unknown,unknown
806,806,5,evening,unknown,unknown,unknown,unknown,False,False,False,unknown,unknown,unknown
807,807,5,evening,unknown,unknown,unknown,unknown,False,False,False,unknown,unknown,unknown
808,808,5,evening,unknown,unknown,unknown,unknown,False,False,False,unknown,unknown,unknown
809,809,5,evening,unknown,unknown,unknown,unknown,False,False,False,unknown,unknown,unknown
810,810,5,evening,unknown,unknown,unknown,unknown,False,False,False,unknown,unknown,unknown
811,811,6,evening,unknown,unknown,unknown,unknown,False,False,False,unknown,unknown,unknown
812,812,6,evening,unknown,unknown,unknown,unknown,False,False,False,unknown,unknown,unknown
813,813,6,evening,unknown,unknown,unknown,unknown,False,False,False,unknown,unknown,unknown
814,814,6,evening,unknown,unknown,unknown,unknown,False,False,False,far,unknown,unknown
