,id,appPackage,category,numberUpdates,subject,priority,ongoing,visibility
0,0,com.android.chrome,unknown,none,unknown,min,False,private
1,1,com.android.chrome,unknown,low,unknown,unknown,False,private
2,2,com.google.android.googlequicksearchbox,unknown,low,unknown,min,False,private
3,3,com.google.android.googlequicksearchbox,unknown,low,unknown,min,False,private
4,4,com.facebook.katana,unknown,low,unknown,min,False,private
5,5,com.huawei.systemmanager,unknown,none,unknown,unknown,False,private
6,6,com.google.android.googlequicksearchbox,unknown,low,unknown,unknown,False,private
7,7,com.google.android.googlequicksearchbox,unknown,none,unknown,high,False,private
8,8,com.android.server.telecom,unknown,low,unknown,min,False,private
9,9,com.huawei.systemmanager,unknown,low,unknown,unknown,False,private
10,10,com.google.android.googlequicksearchbox,unknown,low,unknown,min,False,private
11,11,com.facebook.katana,unknown,low,unknown,high,False,private
12,12,com.google.android.googlequicksearchbox,unknown,low,unknown,unknown,False,private
13,13,com.facebook.katana,unknown,none,unknown,min,False,private
14,14,com.android.server.telecom,unknown,low,unknown,min,False,private
15,15,com.facebook.katana,unknown,low,unknown,min,False,private
16,16,com.google.android.googlequicksearchbox,unknown,low,unknown,min,False,private
17,17,com.google.android.googlequicksearchbox,unknown,low,unknown,min,False,private
18,18,com.google.android.googlequicksearchbox,unknown,low,unknown,max,False,private
19,19,com.google.android.googlequicksearchbox,unknown,low,unknown,min,False,private
20,20,com.google.android.googlequicksearchbox,unknown,low,unknown,max,False,private
21,21,com.google.android.googlequicksearchbox,unknown,none,unknown,min,False,private
22,22,com.google.android.googlequicksearchbox,unknown,low,unknown,min,False,private
23,23,com.google.android.googlequicksearchbox,unknown,low,unknown,min,False,private
24,24,com.facebook.katana,unknown,low,unknown,max,False,private
25,25,com.google.android.googlequicksearchbox,unknown,low,unknown,max,False,private
26,26,com.google.android.googlequicksearchbox,unknown,low,unknown,max,False,private
27,27,com.google.android.googlequicksearchbox,unknown,low,unknown,min,False,private
28,28,com.facebook.katana,unknown,low,unknown,max,False,private
29,29,com.google.android.googlequicksearchbox,unknown,none,unknown,min,False,private
30,30,com.google.android.googlequicksearchbox,unknown,none,unknown,min,False,private
31,31,com.facebook.katana,unknown,none,unknown,max,False,private
32,32,com.google.android.googlequicksearchbox,unknown,low,unknown,high,False,private
33,33,com.google.android.googlequicksearchbox,unknown,none,unknown,min,False,private
34,34,com.facebook.katana,unknown,none,unknown,min,False,private
35,35,com.google.android.googlequicksearchbox,unknown,none,unknown,min,False,private
36,36,com.google.android.googlequicksearchbox,unknown,low,unknown,min,False,private
37,37,com.google.android.googlequicksearchbox,unknown,none,unknown,min,False,private
38,38,com.google.android.googlequicksearchbox,unknown,low,unknown,min,False,private
39,39,com.google.android.googlequicksearchbox,unknown,low,unknown,min,False,private
40,40,com.google.android.googlequicksearchbox,unknown,none,unknown,min,False,private
41,41,com.google.android.googlequicksearchbox,unknown,low,unknown,min,False,private
42,42,com.google.android.googlequicksearchbox,unknown,none,unknown,min,False,private
43,43,com.facebook.katana,unknown,none,unknown,min,False,private
44,44,com.google.android.googlequicksearchbox,unknown,low,unknown,max,False,private
45,45,com.facebook.katana,unknown,none,unknown,min,False,private
46,46,com.google.android.googlequicksearchbox,unknown,low,unknown,min,False,private
47,47,com.google.android.googlequicksearchbox,unknown,low,unknown,max,False,private
48,48,com.google.android.googlequicksearchbox,unknown,low,unknown,max,False,private
49,49,com.google.android.googlequicksearchbox,unknown,low,unknown,min,False,private
50,50,com.google.android.googlequicksearchbox,unknown,low,unknown,min,False,private
51,51,com.google.android.googlequicksearchbox,unknown,none,unknown,min,False,private
52,52,com.facebook.katana,unknown,none,unknown,min,False,private
53,53,com.google.android.googlequicksearchbox,unknown,low,unknown,max,False,private
54,54,com.google.android.googlequicksearchbox,unknown,low,unknown,max,False,private
55,55,com.google.android.googlequicksearchbox,unknown,low,unknown,min,False,private
56,56,com.facebook.katana,unknown,low,unknown,min,False,private
57,57,com.google.android.googlequicksearchbox,unknown,low,unknown,max,False,private
58,58,com.google.android.googlequicksearchbox,unknown,low,unknown,min,False,private
59,59,com.facebook.katana,unknown,none,unknown,min,False,private
60,60,com.google.android.googlequicksearchbox,unknown,low,unknown,min,False,private
61,61,com.google.android.googlequicksearchbox,unknown,none,unknown,min,False,private
62,62,com.google.android.googlequicksearchbox,unknown,none,unknown,min,False,private
63,63,com.google.android.googlequicksearchbox,unknown,low,unknown,min,False,private
64,64,com.google.android.googlequicksearchbox,unknown,none,unknown,min,False,private
65,65,com.facebook.katana,unknown,none,unknown,min,False,private
66,66,com.google.android.googlequicksearchbox,unknown,low,unknown,min,False,private
67,67,com.facebook.katana,unknown,none,unknown,min,False,private
68,68,com.facebook.katana,unknown,none,unknown,max,False,private
69,69,com.google.android.googlequicksearchbox,unknown,low,unknown,min,False,private
70,70,com.google.android.googlequicksearchbox,unknown,low,unknown,min,False,private
71,71,com.android.chrome,unknown,none,unknown,unknown,False,private
72,72,com.google.android.apps.maps,unknown,low,unknown,high,False,private
73,73,com.android.chrome,unknown,low,unknown,unknown,False,private
74,74,com.google.android.googlequicksearchbox,unknown,low,unknown,default,False,private
75,75,com.android.chrome,unknown,low,unknown,default,False,private
76,76,com.google.android.googlequicksearchbox,unknown,low,unknown,high,False,private
77,77,com.facebook.katana,msg,low,arts & entertainment,high,False,private
78,78,com.huawei.systemmanager,unknown,low,unknown,high,False,private
79,79,com.facebook.katana,unknown,none,unknown,unknown,False,private
80,80,com.android.chrome,unknown,low,unknown,default,False,private
81,81,com.facebook.katana,unknown,low,unknown,high,False,private
82,82,com.huawei.systemmanager,unknown,none,unknown,min,False,private
83,83,com.google.android.googlequicksearchbox,unknown,low,unknown,max,False,private
84,84,com.google.android.googlequicksearchbox,unknown,low,unknown,max,False,private
85,85,com.facebook.katana,unknown,low,unknown,min,False,private
86,86,com.google.android.googlequicksearchbox,unknown,none,unknown,max,False,private
87,87,com.google.android.googlequicksearchbox,unknown,low,unknown,min,False,private
88,88,com.huawei.systemmanager,unknown,none,unknown,min,False,private
89,89,com.facebook.katana,unknown,low,unknown,max,False,private
90,90,com.google.android.googlequicksearchbox,unknown,none,unknown,min,False,private
91,91,com.facebook.katana,unknown,none,unknown,min,False,private
92,92,com.facebook.katana,unknown,low,unknown,high,False,private
93,93,com.facebook.katana,unknown,none,unknown,min,False,private
94,94,com.google.android.googlequicksearchbox,unknown,none,unknown,min,False,private
95,95,com.google.android.googlequicksearchbox,unknown,none,unknown,min,False,private
96,96,com.google.android.googlequicksearchbox,unknown,none,unknown,min,False,private
97,97,com.google.android.googlequicksearchbox,unknown,none,unknown,min,False,private
98,98,com.google.android.googlequicksearchbox,unknown,low,unknown,min,False,private
99,99,com.google.android.googlequicksearchbox,unknown,low,unknown,max,False,private
100,100,com.google.android.googlequicksearchbox,unknown,low,unknown,max,False,private
101,101,com.google.android.googlequicksearchbox,unknown,none,unknown,min,False,private
102,102,com.facebook.katana,unknown,none,unknown,min,False,private
103,103,com.google.android.googlequicksearchbox,unknown,low,unknown,max,False,private
104,104,com.google.android.googlequicksearchbox,unknown,none,unknown,min,False,private
105,105,com.facebook.katana,unknown,none,unknown,min,False,private
106,106,com.google.android.googlequicksearchbox,unknown,low,unknown,max,False,private
107,107,com.google.android.googlequicksearchbox,unknown,none,unknown,min,False,private
108,108,com.google.android.googlequicksearchbox,unknown,none,unknown,min,False,private
109,109,com.facebook.katana,unknown,none,unknown,min,False,private
110,110,com.google.android.googlequicksearchbox,unknown,none,unknown,max,False,private
111,111,com.facebook.katana,unknown,none,unknown,min,False,private
112,112,com.google.android.googlequicksearchbox,unknown,low,unknown,min,False,private
113,113,com.google.android.googlequicksearchbox,unknown,low,unknown,max,False,private
114,114,com.google.android.googlequicksearchbox,unknown,none,unknown,min,False,private
115,115,com.google.android.googlequicksearchbox,unknown,low,unknown,min,False,private
116,116,com.google.android.googlequicksearchbox,unknown,none,unknown,min,False,private
117,117,com.google.android.googlequicksearchbox,unknown,none,unknown,min,False,private
118,118,com.google.android.googlequicksearchbox,unknown,low,unknown,max,False,private
119,119,com.google.android.googlequicksearchbox,unknown,low,unknown,min,False,private
120,120,com.google.android.googlequicksearchbox,unknown,low,unknown,max,False,private
121,121,com.google.android.googlequicksearchbox,unknown,low,unknown,min,False,private
122,122,com.google.android.googlequicksearchbox,unknown,low,unknown,min,False,private
123,123,com.google.android.googlequicksearchbox,unknown,low,unknown,min,False,private
124,124,com.facebook.katana,unknown,none,unknown,min,False,private
125,125,com.facebook.katana,unknown,none,unknown,max,False,private
126,126,com.google.android.googlequicksearchbox,unknown,low,arts & entertainment,min,False,private
127,127,com.android.chrome,unknown,low,unknown,unknown,False,private
128,128,com.android.server.telecom,unknown,low,unknown,min,False,private
129,129,com.facebook.katana,msg,low,unknown,min,False,private
130,130,com.facebook.katana,unknown,none,unknown,min,False,private
131,131,com.facebook.katana,unknown,low,arts & entertainment,high,False,private
132,132,com.huawei.systemmanager,unknown,none,unknown,min,False,private
133,133,com.facebook.katana,unknown,low,unknown,unknown,False,private
134,134,com.huawei.systemmanager,unknown,none,unknown,min,False,private
135,135,com.google.android.googlequicksearchbox,unknown,low,unknown,min,False,private
136,136,com.google.android.googlequicksearchbox,unknown,low,unknown,min,False,private
137,137,com.google.android.googlequicksearchbox,unknown,none,unknown,unknown,False,private
138,138,com.google.android.googlequicksearchbox,unknown,low,unknown,high,False,private
139,139,com.facebook.katana,unknown,none,unknown,max,False,private
140,140,com.google.android.googlequicksearchbox,unknown,low,unknown,min,False,private
141,141,com.facebook.katana,unknown,none,unknown,unknown,False,private
142,142,com.google.android.googlequicksearchbox,unknown,low,unknown,min,False,private
143,143,com.google.android.googlequicksearchbox,unknown,low,unknown,min,False,private
144,144,com.google.android.googlequicksearchbox,unknown,none,unknown,min,False,private
145,145,com.google.android.googlequicksearchbox,unknown,none,unknown,min,False,private
146,146,com.facebook.katana,unknown,low,unknown,min,False,private
147,147,com.facebook.katana,unknown,none,unknown,high,False,private
148,148,com.facebook.katana,unknown,none,unknown,max,False,private
149,149,com.google.android.googlequicksearchbox,unknown,low,unknown,min,False,private
150,150,com.google.android.googlequicksearchbox,unknown,low,unknown,max,False,private
151,151,com.google.android.googlequicksearchbox,unknown,low,unknown,max,False,private
152,152,com.google.android.googlequicksearchbox,unknown,low,unknown,high,False,private
153,153,com.google.android.googlequicksearchbox,unknown,low,unknown,min,False,private
154,154,com.google.android.googlequicksearchbox,unknown,low,unknown,min,False,private
155,155,com.google.android.googlequicksearchbox,unknown,low,unknown,max,False,private
156,156,com.google.android.googlequicksearchbox,unknown,none,unknown,min,False,private
157,157,com.google.android.googlequicksearchbox,unknown,none,unknown,min,False,private
158,158,com.google.android.googlequicksearchbox,unknown,none,unknown,high,False,private
159,159,com.google.android.googlequicksearchbox,unknown,low,unknown,min,False,private
160,160,com.google.android.googlequicksearchbox,unknown,none,unknown,min,False,private
161,161,com.facebook.katana,unknown,none,unknown,min,False,private
162,162,com.google.android.googlequicksearchbox,unknown,none,unknown,min,False,private
163,163,com.facebook.katana,unknown,none,unknown,max,False,private
164,164,com.google.android.googlequicksearchbox,unknown,low,unknown,min,False,private
165,165,com.google.android.googlequicksearchbox,unknown,none,unknown,min,False,private
166,166,com.google.android.googlequicksearchbox,unknown,none,unknown,min,False,private
167,167,com.google.android.googlequicksearchbox,unknown,none,unknown,max,False,private
168,168,com.google.android.googlequicksearchbox,unknown,low,unknown,min,False,private
169,169,com.facebook.katana,unknown,low,unknown,max,False,private
170,170,com.google.android.googlequicksearchbox,unknown,low,unknown,max,False,private
171,171,com.google.android.googlequicksearchbox,unknown,low,unknown,min,False,private
172,172,com.google.android.googlequicksearchbox,unknown,low,unknown,min,False,private
173,173,com.google.android.googlequicksearchbox,unknown,low,unknown,min,False,private
174,174,com.facebook.katana,unknown,none,unknown,min,False,private
175,175,com.google.android.googlequicksearchbox,unknown,none,unknown,min,False,private
176,176,com.google.android.googlequicksearchbox,unknown,low,unknown,min,False,private
177,177,com.facebook.katana,unknown,none,unknown,max,False,private
178,178,com.google.android.googlequicksearchbox,unknown,none,unknown,min,False,private
179,179,com.google.android.googlequicksearchbox,unknown,none,unknown,min,False,private
180,180,com.facebook.katana,unknown,none,unknown,min,False,private
181,181,com.google.android.googlequicksearchbox,unknown,low,unknown,min,False,private
182,182,com.google.android.googlequicksearchbox,unknown,low,unknown,max,False,private
183,183,com.google.android.googlequicksearchbox,unknown,none,unknown,max,False,private
184,184,com.facebook.katana,unknown,none,unknown,max,False,private
185,185,com.google.android.googlequicksearchbox,unknown,low,unknown,max,False,private
186,186,com.google.android.googlequicksearchbox,unknown,none,unknown,max,False,private
187,187,com.google.android.googlequicksearchbox,unknown,low,unknown,min,False,private
188,188,com.google.android.googlequicksearchbox,unknown,none,unknown,min,False,private
189,189,com.facebook.katana,unknown,none,unknown,min,False,private
190,190,com.google.android.googlequicksearchbox,unknown,none,unknown,min,False,private
191,191,com.google.android.googlequicksearchbox,unknown,low,unknown,min,False,private
192,192,com.google.android.googlequicksearchbox,unknown,low,unknown,max,False,private
193,193,com.google.android.googlequicksearchbox,unknown,low,unknown,min,False,private
194,194,com.google.android.googlequicksearchbox,unknown,low,unknown,min,False,private
195,195,com.google.android.googlequicksearchbox,unknown,none,unknown,min,False,private
196,196,com.google.android.googlequicksearchbox,unknown,low,unknown,min,False,private
197,197,com.google.android.googlequicksearchbox,unknown,low,unknown,min,False,private
198,198,com.facebook.katana,unknown,low,unknown,min,False,private
199,199,com.facebook.katana,unknown,none,unknown,high,False,private
200,200,com.huawei.systemmanager,unknown,none,unknown,unknown,False,private
201,201,com.google.android.googlequicksearchbox,unknown,low,arts & entertainment,min,False,private
202,202,com.facebook.katana,unknown,low,arts & entertainment,high,False,private
203,203,com.facebook.katana,unknown,low,unknown,min,False,private
204,204,com.facebook.katana,unknown,low,unknown,min,False,private
205,205,com.google.android.googlequicksearchbox,unknown,low,unknown,min,False,private
206,206,com.google.android.googlequicksearchbox,unknown,low,unknown,max,False,private
207,207,com.facebook.katana,unknown,none,unknown,max,False,private
208,208,com.huawei.systemmanager,unknown,none,unknown,high,False,private
209,209,com.facebook.katana,unknown,none,unknown,min,False,private
210,210,com.huawei.systemmanager,unknown,none,unknown,unknown,False,private
211,211,com.google.android.googlequicksearchbox,unknown,low,unknown,min,False,private
212,212,com.facebook.katana,unknown,none,unknown,min,False,private
213,213,com.google.android.googlequicksearchbox,unknown,low,unknown,min,False,private
214,214,com.google.android.googlequicksearchbox,unknown,low,unknown,min,False,private
215,215,com.facebook.katana,unknown,low,unknown,min,False,private
216,216,com.google.android.googlequicksearchbox,unknown,low,unknown,min,False,private
217,217,com.google.android.googlequicksearchbox,unknown,none,unknown,min,False,private
218,218,com.facebook.katana,unknown,none,unknown,min,False,private
219,219,com.facebook.katana,unknown,none,unknown,max,False,private
220,220,com.google.android.googlequicksearchbox,unknown,none,unknown,min,False,private
221,221,com.huawei.systemmanager,unknown,none,unknown,min,False,private
222,222,com.google.android.googlequicksearchbox,unknown,low,unknown,min,False,private
223,223,com.google.android.googlequicksearchbox,unknown,low,unknown,min,False,private
224,224,com.google.android.googlequicksearchbox,unknown,low,unknown,min,False,private
225,225,com.google.android.googlequicksearchbox,unknown,none,unknown,min,False,private
226,226,com.facebook.katana,unknown,low,unknown,max,False,private
227,227,com.google.android.googlequicksearchbox,unknown,none,unknown,min,False,private
228,228,com.facebook.katana,unknown,none,unknown,max,False,private
229,229,com.google.android.googlequicksearchbox,unknown,none,unknown,min,False,private
230,230,com.google.android.googlequicksearchbox,unknown,none,unknown,min,False,private
231,231,com.google.android.googlequicksearchbox,unknown,low,unknown,min,False,private
232,232,com.google.android.googlequicksearchbox,unknown,low,unknown,min,False,private
233,233,com.google.android.googlequicksearchbox,unknown,none,unknown,min,False,private
234,234,com.facebook.katana,unknown,low,unknown,max,False,private
235,235,com.google.android.googlequicksearchbox,unknown,low,unknown,min,False,private
236,236,com.google.android.googlequicksearchbox,unknown,low,unknown,min,False,private
237,237,com.google.android.googlequicksearchbox,unknown,low,unknown,max,False,private
238,238,com.google.android.googlequicksearchbox,unknown,low,unknown,min,False,private
239,239,com.google.android.googlequicksearchbox,unknown,low,unknown,min,False,private
240,240,com.google.android.googlequicksearchbox,unknown,none,unknown,min,False,private
241,241,com.google.android.googlequicksearchbox,unknown,low,unknown,max,False,private
242,242,com.google.android.googlequicksearchbox,unknown,none,unknown,max,False,private
243,243,com.google.android.googlequicksearchbox,unknown,low,unknown,min,False,private
244,244,com.google.android.googlequicksearchbox,unknown,low,unknown,max,False,private
245,245,com.google.android.googlequicksearchbox,unknown,low,unknown,min,False,private
246,246,com.google.android.googlequicksearchbox,unknown,low,unknown,min,False,private
247,247,com.google.android.googlequicksearchbox,unknown,low,unknown,min,False,private
248,248,com.google.android.googlequicksearchbox,unknown,low,unknown,min,False,private
249,249,com.google.android.googlequicksearchbox,unknown,none,unknown,min,False,private
250,250,com.google.android.googlequicksearchbox,unknown,low,unknown,min,False,private
251,251,com.facebook.katana,unknown,none,unknown,min,False,private
252,252,com.google.android.googlequicksearchbox,unknown,low,unknown,min,False,private
253,253,com.facebook.katana,unknown,none,unknown,min,False,private
254,254,com.google.android.googlequicksearchbox,unknown,low,unknown,min,False,private
255,255,com.google.android.googlequicksearchbox,unknown,low,unknown,max,False,private
256,256,com.facebook.katana,unknown,none,unknown,min,False,private
257,257,com.google.android.googlequicksearchbox,unknown,none,unknown,min,False,private
258,258,com.google.android.googlequicksearchbox,unknown,low,unknown,max,False,private
259,259,com.google.android.googlequicksearchbox,unknown,low,unknown,max,False,private
260,260,com.google.android.googlequicksearchbox,unknown,low,unknown,max,False,private
261,261,com.facebook.katana,unknown,none,unknown,max,False,private
262,262,com.google.android.googlequicksearchbox,unknown,none,unknown,min,False,private
263,263,com.facebook.katana,unknown,none,unknown,max,False,private
264,264,com.google.android.googlequicksearchbox,unknown,low,unknown,min,False,private
265,265,com.google.android.googlequicksearchbox,unknown,none,unknown,min,False,private
266,266,com.google.android.googlequicksearchbox,unknown,none,unknown,min,False,private
267,267,com.google.android.googlequicksearchbox,unknown,none,unknown,min,False,private
268,268,com.facebook.katana,unknown,none,unknown,max,False,private
269,269,com.google.android.googlequicksearchbox,unknown,none,unknown,min,False,private
270,270,com.google.android.googlequicksearchbox,unknown,none,unknown,min,False,private
271,271,com.google.android.googlequicksearchbox,unknown,none,unknown,min,False,private
272,272,com.google.android.googlequicksearchbox,unknown,low,unknown,min,False,private
273,273,com.google.android.googlequicksearchbox,unknown,none,unknown,min,False,private
274,274,com.google.android.googlequicksearchbox,unknown,none,unknown,min,False,private
275,275,com.google.android.googlequicksearchbox,unknown,low,unknown,min,False,private
276,276,com.facebook.katana,unknown,low,arts & entertainment,min,False,private
277,277,com.facebook.katana,unknown,low,unknown,min,False,private
278,278,com.whatsapp,unknown,low,unknown,default,False,private
279,279,com.google.android.googlequicksearchbox,unknown,low,unknown,min,False,private
280,280,com.facebook.katana,unknown,low,arts & entertainment,unknown,False,private
281,281,com.facebook.katana,unknown,none,unknown,high,False,private
282,282,com.facebook.katana,unknown,low,arts & entertainment,min,False,private
283,283,com.facebook.katana,unknown,low,arts & entertainment,default,False,private
284,284,com.google.android.googlequicksearchbox,unknown,low,unknown,high,False,private
285,285,com.google.android.googlequicksearchbox,unknown,low,unknown,min,False,private
286,286,com.google.android.googlequicksearchbox,unknown,low,unknown,min,False,private
287,287,com.facebook.katana,unknown,none,unknown,max,False,private
288,288,com.google.android.googlequicksearchbox,unknown,low,unknown,high,False,private
289,289,com.facebook.katana,unknown,none,unknown,min,False,private
290,290,com.google.android.googlequicksearchbox,unknown,none,unknown,min,False,private
291,291,com.huawei.systemmanager,unknown,none,unknown,min,False,private
292,292,com.facebook.katana,unknown,low,unknown,unknown,False,private
293,293,com.google.android.googlequicksearchbox,unknown,low,unknown,min,False,private
294,294,com.google.android.googlequicksearchbox,unknown,none,unknown,min,False,private
295,295,com.facebook.katana,unknown,low,unknown,min,False,private
296,296,com.google.android.googlequicksearchbox,unknown,none,unknown,min,False,private
297,297,com.google.android.googlequicksearchbox,unknown,low,unknown,max,False,private
298,298,com.google.android.googlequicksearchbox,unknown,none,unknown,min,False,private
299,299,com.facebook.katana,unknown,none,unknown,min,False,private
300,300,com.facebook.katana,unknown,none,unknown,min,False,private
301,301,com.facebook.katana,unknown,none,unknown,min,False,private
302,302,com.google.android.googlequicksearchbox,unknown,none,unknown,min,False,private
303,303,com.google.android.googlequicksearchbox,unknown,low,unknown,min,False,private
304,304,com.google.android.googlequicksearchbox,unknown,none,unknown,min,False,private
305,305,com.google.android.googlequicksearchbox,unknown,none,unknown,min,False,private
306,306,com.facebook.katana,unknown,none,unknown,min,False,private
307,307,com.google.android.googlequicksearchbox,unknown,none,unknown,max,False,private
308,308,com.google.android.googlequicksearchbox,unknown,low,unknown,min,False,private
309,309,com.google.android.googlequicksearchbox,unknown,low,unknown,max,False,private
310,310,com.google.android.googlequicksearchbox,unknown,low,unknown,min,False,private
311,311,com.google.android.googlequicksearchbox,unknown,low,unknown,min,False,private
312,312,com.google.android.googlequicksearchbox,unknown,low,unknown,max,False,private
313,313,com.google.android.googlequicksearchbox,unknown,low,unknown,min,False,private
314,314,com.google.android.googlequicksearchbox,unknown,low,unknown,min,False,private
315,315,com.google.android.googlequicksearchbox,unknown,none,unknown,min,False,private
316,316,com.facebook.katana,unknown,low,unknown,max,False,private
317,317,com.facebook.katana,unknown,none,unknown,max,False,private
318,318,com.google.android.googlequicksearchbox,unknown,none,unknown,min,False,private
319,319,com.google.android.googlequicksearchbox,unknown,low,unknown,min,False,private
320,320,com.google.android.googlequicksearchbox,unknown,low,unknown,max,False,private
321,321,com.google.android.googlequicksearchbox,unknown,none,unknown,min,False,private
322,322,com.facebook.katana,unknown,low,unknown,min,False,private
323,323,com.google.android.googlequicksearchbox,unknown,low,unknown,min,False,private
324,324,com.google.android.googlequicksearchbox,unknown,low,unknown,min,False,private
325,325,com.google.android.googlequicksearchbox,unknown,low,unknown,min,False,private
326,326,com.google.android.googlequicksearchbox,unknown,low,unknown,min,False,private
327,327,com.facebook.katana,unknown,none,unknown,min,False,private
328,328,com.google.android.googlequicksearchbox,unknown,low,unknown,max,False,private
329,329,com.huawei.systemmanager,unknown,low,unknown,min,False,private
330,330,com.android.chrome,unknown,low,arts & entertainment,default,False,private
331,331,com.android.mms,unknown,medium,unknown,min,False,private
332,332,com.android.chrome,unknown,low,unknown,min,False,private
333,333,com.huawei.systemmanager,unknown,none,unknown,unknown,False,private
334,334,com.google.android.googlequicksearchbox,unknown,low,unknown,unknown,False,private
335,335,com.huawei.systemmanager,transport,low,unknown,min,False,private
336,336,com.google.android.googlequicksearchbox,unknown,low,unknown,high,False,private
337,337,com.huawei.systemmanager,unknown,none,unknown,unknown,False,private
338,338,com.huawei.systemmanager,unknown,none,unknown,high,False,private
339,339,com.facebook.katana,unknown,none,unknown,max,False,private
340,340,com.facebook.katana,unknown,low,unknown,min,False,private
341,341,com.google.android.googlequicksearchbox,unknown,low,unknown,min,False,private
342,342,com.google.android.googlequicksearchbox,unknown,low,unknown,min,False,private
343,343,com.huawei.systemmanager,unknown,none,unknown,min,False,private
344,344,com.facebook.katana,unknown,low,arts & entertainment,high,False,private
345,345,com.google.android.googlequicksearchbox,unknown,none,unknown,min,False,private
346,346,com.facebook.katana,unknown,low,unknown,min,False,private
347,347,com.facebook.katana,unknown,none,unknown,min,False,private
348,348,com.facebook.katana,unknown,low,arts & entertainment,default,False,private
349,349,com.google.android.googlequicksearchbox,unknown,low,arts & entertainment,min,False,private
350,350,com.google.android.googlequicksearchbox,unknown,low,unknown,min,False,private
351,351,com.google.android.googlequicksearchbox,unknown,none,unknown,min,False,private
352,352,com.google.android.googlequicksearchbox,unknown,none,unknown,min,False,private
353,353,com.google.android.googlequicksearchbox,unknown,low,unknown,min,False,private
354,354,com.google.android.googlequicksearchbox,unknown,low,unknown,min,False,private
355,355,com.google.android.googlequicksearchbox,unknown,none,unknown,min,False,private
356,356,com.google.android.googlequicksearchbox,unknown,none,unknown,min,False,private
357,357,com.google.android.googlequicksearchbox,unknown,none,unknown,min,False,private
358,358,com.facebook.katana,unknown,low,unknown,min,False,private
359,359,com.google.android.googlequicksearchbox,unknown,none,unknown,min,False,private
360,360,com.google.android.googlequicksearchbox,unknown,low,unknown,min,False,private
361,361,com.google.android.googlequicksearchbox,unknown,none,unknown,min,False,private
362,362,com.facebook.katana,unknown,low,unknown,min,False,private
363,363,com.facebook.katana,unknown,none,unknown,max,False,private
364,364,com.google.android.googlequicksearchbox,unknown,none,unknown,min,False,private
365,365,com.google.android.googlequicksearchbox,unknown,low,unknown,min,False,private
366,366,com.google.android.googlequicksearchbox,unknown,none,unknown,max,False,private
367,367,com.google.android.googlequicksearchbox,unknown,none,unknown,min,False,private
368,368,com.facebook.katana,unknown,none,unknown,min,False,private
369,369,com.google.android.googlequicksearchbox,unknown,none,unknown,min,False,private
370,370,com.google.android.googlequicksearchbox,unknown,low,unknown,min,False,private
371,371,com.google.android.googlequicksearchbox,unknown,none,unknown,min,False,private
372,372,com.google.android.googlequicksearchbox,unknown,none,unknown,min,False,private
373,373,com.android.server.telecom,unknown,low,unknown,min,False,private
374,374,com.facebook.katana,unknown,low,unknown,max,False,private
375,375,com.facebook.katana,unknown,low,arts & entertainment,unknown,False,private
376,376,com.huawei.systemmanager,unknown,low,unknown,unknown,False,private
377,377,com.google.android.googlequicksearchbox,unknown,low,unknown,min,False,private
378,378,com.huawei.systemmanager,unknown,none,unknown,min,False,private
379,379,com.google.android.googlequicksearchbox,unknown,low,unknown,min,False,private
380,380,com.facebook.katana,unknown,low,unknown,max,False,private
381,381,com.google.android.googlequicksearchbox,unknown,low,arts & entertainment,high,False,private
382,382,com.facebook.katana,unknown,low,unknown,min,False,private
383,383,com.google.android.googlequicksearchbox,unknown,low,unknown,min,False,private
384,384,com.facebook.katana,unknown,none,unknown,min,False,private
385,385,com.android.server.telecom,unknown,low,unknown,unknown,False,private
386,386,com.google.android.googlequicksearchbox,unknown,low,unknown,default,False,private
387,387,com.google.android.googlequicksearchbox,unknown,low,unknown,min,False,private
388,388,com.google.android.googlequicksearchbox,unknown,low,unknown,min,False,private
389,389,com.google.android.googlequicksearchbox,unknown,low,unknown,min,False,private
390,390,com.facebook.katana,unknown,none,unknown,unknown,False,private
391,391,com.facebook.katana,unknown,low,unknown,max,False,private
392,392,com.huawei.systemmanager,unknown,none,unknown,high,False,private
393,393,com.google.android.googlequicksearchbox,unknown,none,unknown,min,False,private
394,394,com.facebook.katana,unknown,low,unknown,max,False,private
395,395,com.google.android.googlequicksearchbox,unknown,none,unknown,min,False,private
396,396,com.facebook.katana,unknown,none,unknown,unknown,False,private
397,397,com.facebook.katana,unknown,none,unknown,high,False,private
398,398,com.facebook.katana,unknown,low,unknown,max,False,private
399,399,com.google.android.googlequicksearchbox,unknown,low,unknown,min,False,private
400,400,com.google.android.googlequicksearchbox,unknown,low,unknown,min,False,private
401,401,com.facebook.katana,unknown,low,unknown,max,False,private
402,402,com.facebook.katana,unknown,none,unknown,max,False,private
403,403,com.google.android.googlequicksearchbox,unknown,low,unknown,min,False,private
404,404,com.google.android.googlequicksearchbox,unknown,low,unknown,min,False,private
405,405,com.google.android.googlequicksearchbox,unknown,none,unknown,min,False,private
406,406,com.facebook.katana,unknown,none,unknown,high,False,private
407,407,com.facebook.katana,unknown,low,unknown,high,False,private
408,408,com.google.android.googlequicksearchbox,unknown,none,unknown,min,False,private
409,409,com.google.android.googlequicksearchbox,unknown,low,unknown,max,False,private
410,410,com.google.android.googlequicksearchbox,unknown,none,unknown,min,False,private
411,411,com.google.android.googlequicksearchbox,unknown,low,unknown,min,False,private
412,412,com.google.android.googlequicksearchbox,unknown,none,unknown,min,False,private
413,413,com.android.mms,unknown,none,unknown,min,False,private
414,414,com.google.android.googlequicksearchbox,unknown,low,unknown,min,False,private
415,415,com.whatsapp,unknown,none,unknown,high,False,private
416,416,com.facebook.katana,unknown,none,unknown,high,False,private
417,417,com.google.android.googlequicksearchbox,unknown,low,unknown,min,False,private
418,418,com.google.android.googlequicksearchbox,unknown,low,unknown,min,False,private
419,419,com.google.android.googlequicksearchbox,unknown,none,unknown,min,False,private
420,420,com.google.android.googlequicksearchbox,unknown,none,unknown,max,False,private
421,421,com.google.android.googlequicksearchbox,unknown,low,unknown,min,False,private
422,422,com.facebook.katana,unknown,none,unknown,min,False,private
423,423,com.google.android.googlequicksearchbox,unknown,low,unknown,min,False,private
424,424,com.google.android.googlequicksearchbox,unknown,low,unknown,min,False,private
425,425,com.google.android.googlequicksearchbox,unknown,none,unknown,min,False,private
426,426,com.google.android.googlequicksearchbox,unknown,low,unknown,min,False,private
427,427,com.google.android.googlequicksearchbox,unknown,low,unknown,min,False,private
428,428,com.google.android.googlequicksearchbox,unknown,low,unknown,min,False,private
429,429,com.google.android.googlequicksearchbox,unknown,low,unknown,min,False,private
430,430,com.google.android.googlequicksearchbox,unknown,low,unknown,min,False,private
431,431,com.google.android.googlequicksearchbox,unknown,none,unknown,min,False,private
432,432,com.huawei.systemmanager,unknown,none,unknown,max,False,private
433,433,com.facebook.katana,unknown,none,unknown,min,False,private
434,434,com.google.android.googlequicksearchbox,unknown,none,unknown,min,False,private
435,435,com.google.android.googlequicksearchbox,unknown,low,unknown,min,False,private
436,436,com.google.android.googlequicksearchbox,unknown,none,unknown,min,False,private
437,437,com.google.android.googlequicksearchbox,unknown,low,unknown,min,False,private
438,438,com.facebook.katana,unknown,none,unknown,min,False,private
439,439,com.google.android.googlequicksearchbox,unknown,none,unknown,min,False,private
440,440,com.google.android.googlequicksearchbox,unknown,none,unknown,min,False,private
441,441,com.google.android.googlequicksearchbox,unknown,low,unknown,min,False,private
442,442,com.google.android.googlequicksearchbox,unknown,none,unknown,min,False,private
443,443,com.google.android.googlequicksearchbox,unknown,low,unknown,min,False,private
444,444,com.google.android.googlequicksearchbox,unknown,none,unknown,min,False,private
445,445,com.google.android.googlequicksearchbox,unknown,low,unknown,max,False,private
446,446,com.google.android.googlequicksearchbox,unknown,low,unknown,max,False,private
447,447,com.google.android.googlequicksearchbox,unknown,none,unknown,min,False,private
448,448,com.google.android.googlequicksearchbox,unknown,none,unknown,min,False,private
449,449,com.google.android.googlequicksearchbox,unknown,none,unknown,max,False,private
450,450,com.google.android.googlequicksearchbox,unknown,low,unknown,min,False,private
451,451,com.google.android.googlequicksearchbox,unknown,low,unknown,max,False,private
452,452,com.google.android.googlequicksearchbox,unknown,low,unknown,min,False,private
453,453,com.google.android.googlequicksearchbox,unknown,low,unknown,max,False,private
454,454,com.google.android.googlequicksearchbox,unknown,low,unknown,min,False,private
455,455,com.google.android.googlequicksearchbox,unknown,none,unknown,min,False,private
456,456,com.google.android.googlequicksearchbox,unknown,none,unknown,min,False,private
457,457,com.google.android.googlequicksearchbox,unknown,low,unknown,min,False,private
458,458,com.facebook.katana,unknown,low,unknown,unknown,False,private
459,459,com.android.chrome,unknown,low,unknown,default,False,private
460,460,com.facebook.katana,unknown,low,arts & entertainment,default,False,private
461,461,com.android.server.telecom,unknown,low,unknown,min,False,private
462,462,com.facebook.katana,unknown,low,unknown,min,False,private
463,463,com.google.android.googlequicksearchbox,unknown,low,unknown,min,False,private
464,464,com.google.android.googlequicksearchbox,unknown,low,unknown,min,False,private
465,465,com.android.chrome,unknown,low,unknown,default,False,private
466,466,com.whatsapp,unknown,low,unknown,min,False,private
467,467,com.google.android.googlequicksearchbox,unknown,low,unknown,max,False,private
468,468,com.google.android.googlequicksearchbox,unknown,low,unknown,min,False,private
469,469,com.android.chrome,unknown,none,unknown,unknown,False,private
470,470,com.facebook.katana,unknown,low,unknown,unknown,False,private
471,471,com.google.android.googlequicksearchbox,unknown,low,unknown,high,False,private
472,472,com.google.android.googlequicksearchbox,unknown,low,unknown,min,False,private
473,473,com.android.server.telecom,unknown,none,unknown,min,False,private
474,474,com.facebook.katana,unknown,low,unknown,high,False,private
475,475,com.huawei.systemmanager,unknown,none,unknown,unknown,False,private
476,476,com.facebook.katana,unknown,low,arts & entertainment,max,False,private
477,477,com.google.android.googlequicksearchbox,unknown,low,unknown,min,False,private
478,478,com.whatsapp,unknown,none,unknown,min,False,private
479,479,com.google.android.googlequicksearchbox,unknown,low,arts & entertainment,min,False,private
480,480,com.google.android.googlequicksearchbox,unknown,low,unknown,min,False,private
481,481,com.huawei.systemmanager,unknown,none,unknown,min,False,private
482,482,com.google.android.googlequicksearchbox,unknown,low,arts & entertainment,max,False,private
483,483,com.whatsapp,unknown,none,unknown,min,False,private
484,484,com.google.android.googlequicksearchbox,unknown,low,unknown,min,False,private
485,485,com.android.chrome,unknown,low,unknown,max,False,private
486,486,com.google.android.googlequicksearchbox,unknown,low,unknown,min,False,private
487,487,com.google.android.googlequicksearchbox,unknown,none,unknown,min,False,private
488,488,com.google.android.googlequicksearchbox,unknown,low,unknown,default,False,private
489,489,com.huawei.systemmanager,unknown,none,unknown,high,False,private
490,490,com.facebook.katana,unknown,low,unknown,max,False,private
491,491,com.google.android.googlequicksearchbox,unknown,low,unknown,min,False,private
492,492,com.google.android.googlequicksearchbox,unknown,low,unknown,min,False,private
493,493,com.facebook.katana,unknown,none,unknown,max,False,private
494,494,com.google.android.googlequicksearchbox,unknown,none,unknown,min,False,private
495,495,com.facebook.katana,unknown,none,unknown,min,False,private
496,496,com.google.android.googlequicksearchbox,unknown,low,unknown,min,False,private
497,497,com.google.android.googlequicksearchbox,unknown,low,unknown,max,False,private
498,498,com.google.android.googlequicksearchbox,unknown,none,unknown,min,False,private
499,499,com.google.android.googlequicksearchbox,unknown,none,unknown,min,False,private
500,500,com.google.android.googlequicksearchbox,unknown,low,unknown,min,False,private
501,501,com.facebook.katana,unknown,low,unknown,max,False,private
502,502,com.google.android.googlequicksearchbox,unknown,low,unknown,min,False,private
503,503,com.google.android.googlequicksearchbox,unknown,low,unknown,max,False,private
504,504,com.google.android.googlequicksearchbox,unknown,low,unknown,min,False,private
505,505,com.facebook.katana,unknown,none,unknown,min,False,private
506,506,com.facebook.katana,unknown,none,unknown,min,False,private
507,507,com.facebook.katana,unknown,none,unknown,min,False,private
508,508,com.google.android.googlequicksearchbox,unknown,none,unknown,min,False,private
509,509,com.facebook.katana,unknown,none,unknown,min,False,private
510,510,com.facebook.katana,unknown,none,unknown,min,False,private
511,511,com.google.android.googlequicksearchbox,unknown,low,unknown,max,False,private
512,512,com.google.android.googlequicksearchbox,unknown,low,unknown,max,False,private
513,513,com.google.android.googlequicksearchbox,unknown,low,unknown,min,False,private
514,514,com.google.android.googlequicksearchbox,unknown,none,unknown,min,False,private
515,515,com.google.android.googlequicksearchbox,unknown,low,unknown,min,False,private
516,516,com.facebook.katana,unknown,low,unknown,min,False,private
517,517,com.google.android.googlequicksearchbox,unknown,low,unknown,min,False,private
518,518,com.google.android.googlequicksearchbox,unknown,low,unknown,max,False,private
519,519,com.google.android.googlequicksearchbox,unknown,none,unknown,min,False,private
520,520,com.google.android.googlequicksearchbox,unknown,low,unknown,max,False,private
521,521,com.google.android.googlequicksearchbox,unknown,none,unknown,min,False,private
522,522,com.google.android.googlequicksearchbox,unknown,none,unknown,min,False,private
523,523,com.google.android.googlequicksearchbox,unknown,low,unknown,min,False,private
524,524,com.google.android.googlequicksearchbox,unknown,low,unknown,min,False,private
525,525,com.google.android.googlequicksearchbox,unknown,none,unknown,min,False,private
526,526,com.google.android.googlequicksearchbox,unknown,none,unknown,min,False,private
527,527,com.google.android.googlequicksearchbox,unknown,none,unknown,min,False,private
528,528,com.google.android.googlequicksearchbox,unknown,none,unknown,max,False,private
529,529,com.google.android.googlequicksearchbox,unknown,low,unknown,min,False,private
530,530,com.google.android.googlequicksearchbox,unknown,low,unknown,min,False,private
531,531,com.google.android.googlequicksearchbox,unknown,none,unknown,min,False,private
532,532,com.google.android.googlequicksearchbox,unknown,low,unknown,min,False,private
533,533,com.google.android.googlequicksearchbox,unknown,low,unknown,min,False,private
534,534,com.google.android.googlequicksearchbox,unknown,none,unknown,min,False,private
535,535,com.google.android.googlequicksearchbox,unknown,none,unknown,max,False,private
536,536,com.google.android.googlequicksearchbox,unknown,low,unknown,min,False,private
537,537,com.google.android.googlequicksearchbox,unknown,low,unknown,min,False,private
538,538,com.google.android.googlequicksearchbox,unknown,low,unknown,min,False,private
539,539,com.google.android.googlequicksearchbox,unknown,low,unknown,max,False,private
540,540,com.google.android.googlequicksearchbox,unknown,low,unknown,max,False,private
541,541,com.google.android.googlequicksearchbox,unknown,low,unknown,min,False,private
542,542,com.google.android.googlequicksearchbox,unknown,none,unknown,min,False,private
543,543,com.google.android.googlequicksearchbox,unknown,low,unknown,min,False,private
544,544,com.google.android.googlequicksearchbox,unknown,none,unknown,min,False,private
545,545,com.google.android.googlequicksearchbox,unknown,none,unknown,min,False,private
546,546,com.android.server.telecom,unknown,none,unknown,unknown,False,private
547,547,com.android.chrome,unknown,low,unknown,default,False,private
548,548,com.facebook.katana,unknown,low,unknown,min,False,private
549,549,com.android.server.telecom,unknown,low,unknown,default,False,private
550,550,com.google.android.googlequicksearchbox,unknown,low,unknown,min,False,private
551,551,com.huawei.systemmanager,unknown,none,unknown,min,False,private
552,552,com.android.chrome,unknown,low,unknown,default,False,private
553,553,com.facebook.katana,unknown,low,unknown,unknown,False,private
554,554,com.huawei.systemmanager,unknown,low,unknown,unknown,False,private
555,555,com.huawei.systemmanager,unknown,none,unknown,unknown,False,private
556,556,com.google.android.googlequicksearchbox,unknown,low,unknown,min,False,private
557,557,com.android.chrome,unknown,low,unknown,min,False,private
558,558,com.facebook.katana,unknown,low,arts & entertainment,high,False,private
559,559,com.google.android.googlequicksearchbox,unknown,low,unknown,default,False,private
560,560,com.facebook.katana,unknown,low,unknown,high,False,private
561,561,com.facebook.katana,unknown,low,unknown,min,False,private
562,562,com.android.chrome,unknown,low,unknown,max,False,private
563,563,com.facebook.katana,unknown,low,unknown,high,False,private
564,564,com.google.android.googlequicksearchbox,msg,low,unknown,min,False,private
565,565,com.google.android.googlequicksearchbox,unknown,none,unknown,min,False,private
566,566,com.google.android.googlequicksearchbox,unknown,low,unknown,default,False,private
567,567,com.google.android.googlequicksearchbox,unknown,low,unknown,min,False,private
568,568,com.android.chrome,unknown,low,unknown,max,False,private
569,569,com.android.server.telecom,unknown,low,unknown,default,False,private
570,570,com.facebook.katana,unknown,low,unknown,max,False,private
571,571,com.google.android.googlequicksearchbox,unknown,low,unknown,min,False,private
572,572,com.android.mms,unknown,low,unknown,high,False,private
573,573,com.google.android.googlequicksearchbox,unknown,low,unknown,min,False,private
574,574,com.google.android.googlequicksearchbox,unknown,low,unknown,min,False,private
575,575,com.google.android.googlequicksearchbox,unknown,low,unknown,min,False,private
576,576,com.google.android.googlequicksearchbox,unknown,low,unknown,min,False,private
577,577,com.google.android.googlequicksearchbox,unknown,low,unknown,default,False,private
578,578,com.google.android.googlequicksearchbox,unknown,low,unknown,min,False,private
579,579,com.facebook.katana,unknown,low,arts & entertainment,max,False,private
580,580,com.facebook.katana,unknown,low,unknown,high,False,private
581,581,com.google.android.googlequicksearchbox,unknown,low,unknown,high,False,private
582,582,com.facebook.katana,unknown,low,unknown,min,False,private
583,583,com.google.android.googlequicksearchbox,unknown,low,unknown,min,False,private
584,584,com.google.android.googlequicksearchbox,unknown,low,unknown,min,False,private
585,585,com.facebook.katana,unknown,low,unknown,max,False,private
586,586,com.google.android.googlequicksearchbox,unknown,low,unknown,min,False,private
587,587,com.google.android.googlequicksearchbox,unknown,low,unknown,max,False,private
588,588,com.google.android.googlequicksearchbox,unknown,low,unknown,max,False,private
589,589,com.google.android.googlequicksearchbox,unknown,low,unknown,min,False,private
590,590,com.google.android.googlequicksearchbox,unknown,none,unknown,min,False,private
591,591,com.google.android.googlequicksearchbox,unknown,none,unknown,min,False,private
592,592,com.google.android.googlequicksearchbox,unknown,none,unknown,min,False,private
593,593,com.google.android.googlequicksearchbox,unknown,low,unknown,min,False,private
594,594,com.google.android.googlequicksearchbox,unknown,none,unknown,min,False,private
595,595,com.google.android.googlequicksearchbox,unknown,low,unknown,max,False,private
596,596,com.google.android.googlequicksearchbox,unknown,low,unknown,max,False,private
597,597,com.facebook.katana,unknown,none,unknown,min,False,private
598,598,com.google.android.googlequicksearchbox,unknown,low,unknown,min,False,private
599,599,com.google.android.googlequicksearchbox,unknown,none,unknown,min,False,private
600,600,com.google.android.googlequicksearchbox,unknown,low,unknown,min,False,private
601,601,com.google.android.googlequicksearchbox,unknown,none,unknown,max,False,private
602,602,com.facebook.katana,unknown,none,unknown,max,False,private
603,603,com.facebook.katana,unknown,none,unknown,max,False,private
604,604,com.google.android.googlequicksearchbox,unknown,none,unknown,min,False,private
605,605,com.google.android.googlequicksearchbox,unknown,low,unknown,max,False,private
606,606,com.google.android.googlequicksearchbox,unknown,none,unknown,min,False,private
607,607,com.google.android.googlequicksearchbox,unknown,low,unknown,min,False,private
608,608,com.facebook.katana,unknown,none,unknown,min,False,private
609,609,com.google.android.googlequicksearchbox,unknown,none,unknown,min,False,private
610,610,com.google.android.googlequicksearchbox,unknown,none,unknown,min,False,private
611,611,com.google.android.googlequicksearchbox,unknown,none,unknown,min,False,private
612,612,com.google.android.googlequicksearchbox,unknown,low,unknown,max,False,private
613,613,com.google.android.googlequicksearchbox,unknown,none,unknown,min,False,private
614,614,com.google.android.googlequicksearchbox,unknown,none,unknown,min,False,private
615,615,com.facebook.katana,unknown,none,unknown,min,False,private
616,616,com.google.android.googlequicksearchbox,unknown,low,unknown,min,False,private
617,617,com.google.android.googlequicksearchbox,unknown,low,unknown,min,False,private
618,618,com.google.android.googlequicksearchbox,unknown,low,unknown,max,False,private
619,619,com.google.android.googlequicksearchbox,unknown,low,unknown,min,False,private
620,620,com.google.android.googlequicksearchbox,unknown,low,unknown,min,False,private
621,621,com.google.android.googlequicksearchbox,unknown,none,unknown,min,False,private
622,622,com.google.android.googlequicksearchbox,unknown,none,unknown,max,False,private
623,623,com.huawei.systemmanager,unknown,none,unknown,high,False,private
624,624,com.huawei.systemmanager,unknown,low,unknown,min,False,private
625,625,com.facebook.katana,unknown,low,arts & entertainment,high,False,private
626,626,com.google.android.googlequicksearchbox,unknown,low,unknown,unknown,False,private
627,627,com.huawei.systemmanager,unknown,low,unknown,high,False,private
628,628,com.facebook.katana,unknown,low,arts & entertainment,default,False,private
629,629,com.facebook.katana,unknown,low,unknown,default,False,private
630,630,com.google.android.googlequicksearchbox,unknown,low,unknown,min,False,private
631,631,com.huawei.systemmanager,unknown,none,arts & entertainment,default,False,private
632,632,com.huawei.systemmanager,unknown,none,unknown,min,False,private
633,633,com.whatsapp,unknown,none,unknown,min,False,private
634,634,com.facebook.katana,unknown,low,unknown,high,False,private
635,635,com.facebook.katana,unknown,low,unknown,min,False,private
636,636,com.facebook.katana,unknown,none,unknown,min,False,private
637,637,com.google.android.googlequicksearchbox,unknown,low,unknown,min,False,private
638,638,com.google.android.googlequicksearchbox,unknown,low,unknown,min,False,private
639,639,com.google.android.googlequicksearchbox,unknown,low,unknown,min,False,private
640,640,com.google.android.googlequicksearchbox,unknown,low,unknown,min,False,private
641,641,com.facebook.katana,unknown,none,unknown,unknown,False,private
642,642,com.google.android.googlequicksearchbox,unknown,low,unknown,min,False,private
643,643,com.google.android.googlequicksearchbox,unknown,low,unknown,min,False,private
644,644,com.huawei.systemmanager,unknown,low,unknown,min,False,private
645,645,com.google.android.googlequicksearchbox,unknown,low,unknown,min,False,private
646,646,com.facebook.katana,unknown,none,unknown,high,False,private
647,647,com.facebook.katana,unknown,none,unknown,min,False,private
648,648,com.google.android.googlequicksearchbox,unknown,low,unknown,min,False,private
649,649,com.facebook.katana,unknown,none,unknown,min,False,private
650,650,com.facebook.katana,unknown,low,unknown,min,False,private
651,651,com.google.android.googlequicksearchbox,unknown,none,unknown,max,False,private
652,652,com.google.android.googlequicksearchbox,unknown,low,unknown,min,False,private
653,653,com.google.android.googlequicksearchbox,unknown,none,unknown,min,False,private
654,654,com.google.android.googlequicksearchbox,unknown,none,unknown,min,False,private
655,655,com.google.android.googlequicksearchbox,unknown,none,unknown,min,False,private
656,656,com.google.android.googlequicksearchbox,unknown,none,unknown,min,False,private
657,657,com.google.android.googlequicksearchbox,unknown,none,unknown,min,False,private
658,658,com.google.android.googlequicksearchbox,unknown,low,unknown,max,False,private
659,659,com.google.android.googlequicksearchbox,unknown,low,unknown,max,False,private
660,660,com.google.android.googlequicksearchbox,unknown,low,unknown,min,False,private
661,661,com.google.android.googlequicksearchbox,unknown,low,unknown,min,False,private
662,662,com.facebook.katana,unknown,none,unknown,max,False,private
663,663,com.google.android.googlequicksearchbox,unknown,low,unknown,max,False,private
664,664,com.google.android.googlequicksearchbox,unknown,low,unknown,max,False,private
665,665,com.google.android.googlequicksearchbox,unknown,none,unknown,min,False,private
666,666,com.google.android.googlequicksearchbox,unknown,none,unknown,max,False,private
667,667,com.google.android.googlequicksearchbox,unknown,none,unknown,min,False,private
668,668,com.google.android.googlequicksearchbox,unknown,none,unknown,min,False,private
669,669,com.google.android.googlequicksearchbox,unknown,low,unknown,min,False,private
670,670,com.google.android.googlequicksearchbox,unknown,none,unknown,min,False,private
671,671,com.google.android.googlequicksearchbox,unknown,none,unknown,min,False,private
672,672,com.google.android.googlequicksearchbox,unknown,low,unknown,max,False,private
673,673,com.google.android.googlequicksearchbox,unknown,low,unknown,max,False,private
674,674,com.google.android.googlequicksearchbox,unknown,none,unknown,min,False,private
675,675,com.google.android.googlequicksearchbox,unknown,none,unknown,min,False,private
676,676,com.google.android.googlequicksearchbox,unknown,low,unknown,min,False,private
677,677,com.google.android.googlequicksearchbox,unknown,none,unknown,min,False,private
678,678,com.google.android.googlequicksearchbox,unknown,low,unknown,min,False,private
679,679,com.google.android.googlequicksearchbox,unknown,none,unknown,max,False,private
680,680,com.google.android.googlequicksearchbox,unknown,none,unknown,min,False,private
681,681,com.google.android.googlequicksearchbox,unknown,none,unknown,min,False,private
682,682,com.google.android.googlequicksearchbox,unknown,low,unknown,max,False,private
683,683,com.android.chrome,unknown,low,unknown,unknown,False,private
684,684,com.android.chrome,unknown,low,unknown,min,False,private
685,685,com.google.android.googlequicksearchbox,unknown,low,unknown,high,False,private
686,686,com.android.mms,unknown,low,unknown,min,False,private
687,687,com.facebook.katana,unknown,low,unknown,max,False,private
688,688,com.google.android.googlequicksearchbox,unknown,low,unknown,min,False,private
689,689,com.facebook.katana,unknown,low,unknown,min,False,private
690,690,com.facebook.katana,unknown,low,unknown,min,False,private
691,691,com.google.android.apps.maps,unknown,low,arts & entertainment,high,False,private
692,692,com.facebook.katana,unknown,none,unknown,unknown,False,private
693,693,com.google.android.googlequicksearchbox,unknown,low,unknown,min,False,private
694,694,com.google.android.googlequicksearchbox,unknown,low,unknown,min,False,private
695,695,com.google.android.googlequicksearchbox,unknown,none,unknown,min,False,private
696,696,com.google.android.googlequicksearchbox,unknown,low,unknown,min,False,private
697,697,com.facebook.katana,unknown,none,unknown,min,False,private
698,698,com.facebook.katana,unknown,low,unknown,max,False,private
699,699,com.facebook.katana,unknown,none,unknown,max,False,private
700,700,com.google.android.googlequicksearchbox,unknown,low,unknown,max,False,private
701,701,com.facebook.katana,unknown,none,unknown,min,False,private
702,702,com.facebook.katana,unknown,none,unknown,unknown,False,private
703,703,com.google.android.googlequicksearchbox,unknown,none,unknown,min,False,private
704,704,com.google.android.googlequicksearchbox,unknown,none,unknown,max,False,private
705,705,com.google.android.googlequicksearchbox,unknown,none,unknown,max,False,private
706,706,com.google.android.googlequicksearchbox,unknown,low,unknown,min,False,private
707,707,com.google.android.googlequicksearchbox,unknown,none,unknown,min,False,private
708,708,com.google.android.googlequicksearchbox,unknown,low,unknown,min,False,private
709,709,com.google.android.googlequicksearchbox,unknown,low,unknown,max,False,private
710,710,com.google.android.googlequicksearchbox,unknown,none,unknown,min,False,private
711,711,com.google.android.googlequicksearchbox,unknown,low,unknown,min,False,private
712,712,com.google.android.googlequicksearchbox,unknown,low,unknown,min,False,private
713,713,com.google.android.googlequicksearchbox,unknown,none,unknown,max,False,private
714,714,com.google.android.googlequicksearchbox,unknown,low,unknown,min,False,private
715,715,com.google.android.googlequicksearchbox,unknown,low,unknown,min,False,private
716,716,com.google.android.googlequicksearchbox,unknown,low,unknown,max,False,private
717,717,com.facebook.katana,unknown,none,unknown,min,False,private
718,718,com.google.android.googlequicksearchbox,unknown,low,unknown,max,False,private
719,719,com.google.android.googlequicksearchbox,unknown,low,unknown,max,False,private
720,720,com.google.android.googlequicksearchbox,unknown,low,unknown,min,False,private
721,721,com.google.android.googlequicksearchbox,unknown,none,unknown,min,False,private
722,722,com.google.android.googlequicksearchbox,unknown,none,unknown,min,False,private
723,723,com.google.android.googlequicksearchbox,unknown,none,unknown,min,False,private
724,724,com.facebook.katana,unknown,none,unknown,high,False,private
725,725,com.facebook.katana,unknown,none,unknown,high,False,private
726,726,com.google.android.googlequicksearchbox,unknown,low,unknown,min,False,private
727,727,com.google.android.googlequicksearchbox,unknown,none,unknown,min,False,private
728,728,com.google.android.googlequicksearchbox,unknown,low,unknown,min,False,private
729,729,com.facebook.katana,unknown,low,unknown,max,False,private
730,730,com.facebook.katana,unknown,none,unknown,min,False,private
731,731,com.google.android.googlequicksearchbox,unknown,low,unknown,min,False,private
732,732,com.google.android.googlequicksearchbox,unknown,low,unknown,min,False,private
733,733,com.google.android.googlequicksearchbox,unknown,low,unknown,min,False,private
734,734,com.google.android.googlequicksearchbox,unknown,low,unknown,max,False,private
735,735,com.google.android.googlequicksearchbox,unknown,low,unknown,min,False,private
736,736,com.google.android.googlequicksearchbox,unknown,none,unknown,min,False,private
737,737,com.facebook.katana,unknown,none,unknown,max,False,private
738,738,com.google.android.googlequicksearchbox,unknown,low,unknown,min,False,private
739,739,com.google.android.googlequicksearchbox,unknown,low,unknown,min,False,private
740,740,com.google.android.googlequicksearchbox,unknown,none,unknown,min,False,private
741,741,com.facebook.katana,unknown,none,unknown,min,False,private
742,742,com.google.android.googlequicksearchbox,unknown,none,unknown,min,False,private
743,743,com.facebook.katana,unknown,none,unknown,max,False,private
744,744,com.google.android.googlequicksearchbox,unknown,low,unknown,max,False,private
745,745,com.google.android.googlequicksearchbox,unknown,low,unknown,min,False,private
746,746,com.google.android.googlequicksearchbox,unknown,low,unknown,min,False,private
747,747,com.android.chrome,unknown,none,unknown,max,False,private
748,748,com.google.android.googlequicksearchbox,unknown,low,arts & entertainment,min,False,private
749,749,com.google.android.googlequicksearchbox,unknown,low,unknown,min,False,private
750,750,com.huawei.systemmanager,unknown,none,unknown,unknown,False,private
751,751,com.facebook.katana,unknown,low,arts & entertainment,max,False,private
752,752,com.google.android.apps.maps,unknown,none,unknown,high,False,private
753,753,com.whatsapp,unknown,none,unknown,default,False,private
754,754,com.google.android.googlequicksearchbox,unknown,low,unknown,min,False,private
755,755,com.google.android.googlequicksearchbox,unknown,low,unknown,default,False,private
756,756,com.google.android.googlequicksearchbox,unknown,low,unknown,min,False,private
757,757,com.facebook.katana,unknown,low,unknown,max,False,private
758,758,com.google.android.googlequicksearchbox,unknown,low,unknown,min,False,private
759,759,com.facebook.katana,unknown,none,unknown,unknown,False,private
760,760,com.google.android.googlequicksearchbox,unknown,none,unknown,min,False,private
761,761,com.huawei.systemmanager,unknown,none,unknown,high,False,private
762,762,com.facebook.katana,unknown,none,unknown,min,False,private
763,763,com.google.android.googlequicksearchbox,unknown,low,unknown,min,False,private
764,764,com.google.android.googlequicksearchbox,unknown,none,unknown,min,False,private
765,765,com.google.android.googlequicksearchbox,unknown,low,unknown,min,False,private
766,766,com.google.android.googlequicksearchbox,unknown,none,unknown,min,False,private
767,767,com.google.android.googlequicksearchbox,unknown,low,unknown,min,False,private
768,768,com.google.android.googlequicksearchbox,unknown,low,unknown,max,False,private
769,769,com.google.android.googlequicksearchbox,unknown,none,unknown,min,False,private
770,770,com.google.android.googlequicksearchbox,unknown,low,unknown,min,False,private
771,771,com.facebook.katana,unknown,none,unknown,unknown,False,private
772,772,com.google.android.googlequicksearchbox,unknown,low,unknown,min,False,private
773,773,com.google.android.googlequicksearchbox,unknown,none,unknown,min,False,private
774,774,com.facebook.katana,unknown,none,unknown,min,False,private
775,775,com.facebook.katana,unknown,none,unknown,high,False,private
776,776,com.google.android.googlequicksearchbox,unknown,none,unknown,min,False,private
777,777,com.facebook.katana,unknown,none,unknown,min,False,private
778,778,com.google.android.googlequicksearchbox,unknown,none,unknown,min,False,private
779,779,com.google.android.googlequicksearchbox,unknown,low,unknown,min,False,private
780,780,com.google.android.googlequicksearchbox,unknown,low,unknown,min,False,private
781,781,com.google.android.googlequicksearchbox,unknown,none,unknown,min,False,private
782,782,com.google.android.googlequicksearchbox,unknown,low,unknown,min,False,private
783,783,com.google.android.googlequicksearchbox,unknown,low,unknown,min,False,private
784,784,com.google.android.googlequicksearchbox,unknown,low,unknown,min,False,private
785,785,com.google.android.googlequicksearchbox,unknown,low,unknown,max,False,private
786,786,com.google.android.googlequicksearchbox,unknown,low,unknown,max,False,private
787,787,com.huawei.systemmanager,unknown,none,unknown,min,False,private
788,788,com.google.android.googlequicksearchbox,unknown,none,unknown,min,False,private
789,789,com.google.android.googlequicksearchbox,unknown,low,unknown,min,False,private
790,790,com.google.android.googlequicksearchbox,unknown,low,unknown,min,False,private
791,791,com.google.android.googlequicksearchbox,unknown,none,unknown,min,False,private
792,792,com.google.android.googlequicksearchbox,unknown,low,unknown,min,False,private
793,793,com.google.android.googlequicksearchbox,unknown,low,unknown,min,False,private
794,794,com.google.android.googlequicksearchbox,unknown,low,unknown,max,False,private
795,795,com.facebook.katana,unknown,none,unknown,min,False,private
796,796,com.google.android.googlequicksearchbox,unknown,low,unknown,min,False,private
797,797,com.google.android.googlequicksearchbox,unknown,none,unknown,min,False,private
798,798,com.google.android.googlequicksearchbox,unknown,low,unknown,max,False,private
799,799,com.google.android.googlequicksearchbox,unknown,low,unknown,min,False,private
800,800,com.google.android.googlequicksearchbox,unknown,none,unknown,min,False,private
801,801,com.google.android.googlequicksearchbox,unknown,none,unknown,min,False,private
802,802,com.google.android.googlequicksearchbox,unknown,low,unknown,min,False,private
803,803,com.google.android.googlequicksearchbox,unknown,low,unknown,min,False,private
804,804,com.huawei.systemmanager,unknown,none,unknown,min,False,private
805,805,com.facebook.katana,unknown,none,unknown,max,False,private
806,806,com.google.android.googlequicksearchbox,unknown,low,unknown,max,False,private
807,807,com.google.android.googlequicksearchbox,unknown,none,unknown,min,False,private
808,808,com.google.android.googlequicksearchbox,unknown,low,unknown,max,False,private
809,809,com.google.android.googlequicksearchbox,unknown,low,unknown,min,False,private
810,810,com.google.android.googlequicksearchbox,unknown,low,unknown,min,False,private
811,811,com.google.android.googlequicksearchbox,unknown,low,unknown,min,False,private
812,812,com.google.android.googlequicksearchbox,unknown,low,unknown,max,False,private
813,813,com.google.android.googlequicksearchbox,unknown,low,unknown,min,False,private
814,814,com.google.android.googlequicksearchbox,unknown,none,unknown,min,False,private
